drug_id,indication_id,evidence,created_at,updated_at
RDC02854,IN00038,,,
RDC00007,IN00041,,,
RDC00008,IN00038,,,
RDC00009,IN00038,,,
RDC00010,IN00041,,,
RDC00014,IN00041,,,
RDC00015,IN00041,,,
RDC00019,IN00051,,,
RDC00020,IN00041,,,
RDC00023,IN00051,,,
RDC00030,IN00007,,,
RDC00030,IN00041,,,
RDC00031,IN00009,,,
RDC00031,IN00062,,,
RDC00031,IN00056,,,
RDC00032,IN00060,,,
RDC00033,IN00065,,,
RDC00034,IN00006,,,
RDC00034,IN00007,,,
RDC00034,IN00037,,,
RDC00034,IN00039,,,
RDC00035,IN00006,,,
RDC00035,IN00007,,,
RDC00035,IN00037,,,
RDC00035,IN00039,,,
RDC00036,IN00006,,,
RDC00036,IN00016,,,
RDC00037,IN00006,,,
RDC00037,IN00016,,,
RDC00038,IN00002,,,
RDC00038,IN00011,,,
RDC00038,IN00016,,,
RDC00039,IN00002,,,
RDC00039,IN00011,,,
RDC00039,IN00016,,,
RDC00040,IN00002,,,
RDC00040,IN00011,,,
RDC00040,IN00016,,,
RDC00041,IN00002,,,
RDC00041,IN00011,,,
RDC00041,IN00016,,,
RDC00042,IN00002,,,
RDC00042,IN00011,,,
RDC00042,IN00016,,,
RDC00043,IN00002,,,
RDC00043,IN00011,,,
RDC00043,IN00016,,,
RDC00044,IN00016,,,
RDC00045,IN00016,,,
RDC00046,IN00005,,,
RDC00046,IN00006,,,
RDC00046,IN00016,,,
RDC00047,IN00005,,,
RDC00047,IN00006,,,
RDC00047,IN00016,,,
RDC00048,IN00005,,,
RDC00048,IN00006,,,
RDC00048,IN00016,,,
RDC00049,IN00016,,,
RDC00050,IN00016,,,
RDC00051,IN00007,,,
RDC00053,IN00016,,,
RDC00053,IN00007,,,
RDC00054,IN00016,,,
RDC00054,IN00007,,,
RDC00055,IN00016,,,
RDC00055,IN00042,,,
RDC00055,IN00007,,,
RDC00056,IN00016,,,
RDC00056,IN00042,,,
RDC00056,IN00007,,,
RDC00058,IN00011,,,
RDC00058,IN00007,,,
RDC00058,IN00002,,,
RDC00059,IN00011,,,
RDC00059,IN00007,,,
RDC00059,IN00002,,,
RDC00060,IN00011,,,
RDC00060,IN00007,,,
RDC00060,IN00002,,,
RDC00061,IN00011,,,
RDC00061,IN00007,,,
RDC00061,IN00002,,,
RDC00062,IN00005,,,
RDC00063,IN00005,,,
RDC00064,IN00005,,,
RDC00065,IN00065,,,
RDC00066,IN00065,,,
RDC00067,IN00016,,,
RDC00067,IN00050,,,
RDC00067,IN00037,,,
RDC00067,IN00005,,,
RDC00067,IN00002,,,
RDC00068,IN00016,,,
RDC00068,IN00050,,,
RDC00068,IN00037,,,
RDC00068,IN00005,,,
RDC00068,IN00002,,,
RDC00069,IN00011,,,
RDC00069,IN00007,,,
RDC00069,IN00037,,,
RDC00070,IN00041,,,
RDC00071,IN00041,,,
RDC00072,IN00041,,,
RDC00073,IN00041,,,
RDC00074,IN00041,,,
RDC00075,IN00041,,,
RDC00076,IN00002,,,
RDC00077,IN00002,,,
RDC00078,IN00002,,,
RDC00079,IN00002,,,
RDC00080,IN00002,,,
RDC00081,IN00002,,,
RDC00082,IN00024,,,
RDC00082,IN00006,,,
RDC00083,IN00024,,,
RDC00083,IN00006,,,
RDC00084,IN00006,,,
RDC00084,IN00002,,,
RDC00084,IN00042,,,
RDC00084,IN00058,,,
RDC00084,IN00041,,,
RDC00085,IN00039,,,
RDC00085,IN00056,,,
RDC00085,IN00037,,,
RDC00085,IN00063,,,
RDC00087,IN00065,,,
RDC00093,IN00065,,,
RDC00094,IN00065,,,
RDC00095,IN00065,,,
RDC00096,IN00006,,,
RDC00097,IN00006,,,
RDC00098,IN00016,,,
RDC00099,IN00016,,,
RDC00100,IN00001,,,
RDC00101,IN00002,,,
RDC00101,IN00003,,,
RDC00102,IN00006,,,
RDC00103,IN00006,,,
RDC00104,IN00006,,,
RDC00105,IN00006,,,
RDC00106,IN00007,,,
RDC00107,IN00007,,,
RDC00110,IN00007,,,
RDC00111,IN00002,,,
RDC00111,IN00009,,,
RDC00112,IN00009,,,
RDC00113,IN00009,,,
RDC00114,IN00009,,,
RDC00115,IN00042,,,
RDC00116,IN00042,,,
RDC00117,IN00006,,,
RDC00118,IN00006,,,
RDC00119,IN00007,,,
RDC00120,IN00008,,,
RDC00121,IN00008,,,
RDC00122,IN00007,,,
RDC00123,IN00002,,,
RDC00124,IN00041,,,
RDC00127,IN00006,,,
RDC00128,IN00006,,,
RDC00129,IN00009,,,
RDC00131,IN00006,,,
RDC00132,IN00009,,,
RDC00133,IN00011,,,
RDC00134,IN00006,,,
RDC00135,IN00009,,,
RDC00136,IN00002,,,
RDC00136,IN00009,,,
RDC00137,IN00009,,,
RDC00138,IN00009,,,
RDC00139,IN00047,,,
RDC00139,IN00009,,,
RDC00139,IN00037,,,
RDC00139,IN00024,,,
RDC00139,IN00057,,,
RDC00140,IN00057,,,
RDC00142,IN00057,,,
RDC00144,IN00005,,,
RDC00147,IN00009,,,
RDC00148,IN00009,,,
RDC00149,IN00009,,,
RDC00150,IN00009,,,
RDC00151,IN00009,,,
RDC00152,IN00006,,,
RDC00152,IN00001,,,
RDC00152,IN00050,,,
RDC00152,IN00009,,,
RDC00152,IN00042,,,
RDC00152,IN00056,,,
RDC00153,IN00006,,,
RDC00153,IN00001,,,
RDC00153,IN00050,,,
RDC00153,IN00009,,,
RDC00153,IN00042,,,
RDC00153,IN00056,,,
RDC00154,IN00006,,,
RDC00154,IN00001,,,
RDC00154,IN00050,,,
RDC00154,IN00009,,,
RDC00154,IN00042,,,
RDC00154,IN00056,,,
RDC00155,IN00013,,,
RDC00155,IN00014,,,
RDC00155,IN00015,,,
RDC00156,IN00037,,,
RDC00157,IN00037,,,
RDC00158,IN00006,,,
RDC00159,IN00006,,,
RDC00160,IN00009,,,
RDC00161,IN00037,,,
RDC00162,IN00057,,,
RDC00163,IN00057,,,
RDC00164,IN00006,,,
RDC00164,IN00038,,,
RDC00164,IN00018,,,
RDC00165,IN00006,,,
RDC00166,IN00006,,,
RDC00167,IN00006,,,
RDC00168,IN00007,,,
RDC00168,IN00009,,,
RDC00169,IN00007,,,
RDC00169,IN00009,,,
RDC00173,IN00005,,,
RDC00174,IN00006,,,
RDC00175,IN00006,,,
RDC00176,IN00006,,,
RDC00177,IN00070,,,
RDC00179,IN00041,,,
RDC00180,IN00012,,,
RDC00181,IN00009,,,
RDC00182,IN00009,,,
RDC00183,IN00100,,,
RDC00184,IN00100,,,
RDC00185,IN00011,,,
RDC00185,IN00019,,,
RDC00186,IN00007,,,
RDC00187,IN00007,,,
RDC00188,IN00007,,,
RDC00189,IN00007,,,
RDC00191,IN00020,,,
RDC00191,IN00007,,,
RDC00191,IN00022,,,
RDC00191,IN00023,,,
RDC00192,IN00006,,,
RDC00193,IN00006,,,
RDC00194,IN00009,,,
RDC00195,IN00007,,,
RDC00195,IN00011,,,
RDC00195,IN00024,,,
RDC00195,IN00025,,,
RDC00196,IN00007,,,
RDC00197,IN00009,,,
RDC00198,IN00006,,,
RDC00198,IN00042,,,
RDC00198,IN00056,,,
RDC00199,IN00006,,,
RDC00199,IN00042,,,
RDC00199,IN00056,,,
RDC00200,IN00006,,,
RDC00200,IN00042,,,
RDC00200,IN00056,,,
RDC00201,IN00006,,,
RDC00201,IN00042,,,
RDC00201,IN00056,,,
RDC00202,IN00006,,,
RDC00202,IN00042,,,
RDC00202,IN00056,,,
RDC00204,IN00006,,,
RDC00204,IN00042,,,
RDC00204,IN00056,,,
RDC00205,IN00006,,,
RDC00205,IN00042,,,
RDC00205,IN00056,,,
RDC00206,IN00006,,,
RDC00206,IN00042,,,
RDC00206,IN00056,,,
RDC00207,IN00006,,,
RDC00207,IN00042,,,
RDC00207,IN00056,,,
RDC00208,IN00006,,,
RDC00208,IN00042,,,
RDC00208,IN00056,,,
RDC00209,IN00006,,,
RDC00209,IN00042,,,
RDC00209,IN00056,,,
RDC00210,IN00006,,,
RDC00210,IN00042,,,
RDC00210,IN00056,,,
RDC00211,IN00003,,,
RDC00211,IN00007,,,
RDC00211,IN00009,,,
RDC00211,IN00018,,,
RDC00211,IN00024,,,
RDC00211,IN00026,,,
RDC00211,IN00027,,,
RDC00211,IN00057,,,
RDC00212,IN00009,,,
RDC00213,IN00007,,,
RDC00214,IN00006,,,
RDC00214,IN00042,,,
RDC00214,IN00056,,,
RDC00215,IN00007,,,
RDC00216,IN00006,,,
RDC00221,IN00006,,,
RDC00221,IN00042,,,
RDC00221,IN00056,,,
RDC00222,IN00006,,,
RDC00222,IN00042,,,
RDC00222,IN00056,,,
RDC00223,IN00006,,,
RDC00223,IN00042,,,
RDC00223,IN00056,,,
RDC00229,IN00006,,,
RDC00229,IN00042,,,
RDC00229,IN00056,,,
RDC00229,IN00037,,,
RDC00230,IN00006,,,
RDC00230,IN00042,,,
RDC00230,IN00056,,,
RDC00231,IN00038,,,
RDC00232,IN00038,,,
RDC00233,IN00038,,,
RDC00234,IN00038,,,
RDC00235,IN00038,,,
RDC00236,IN00102,,,
RDC00236,IN00065,,,
RDC00237,IN00102,,,
RDC00237,IN00065,,,
RDC00238,IN00009,,,
RDC00239,IN00009,,,
RDC00240,IN00038,,,
RDC00241,IN00007,,,
RDC00241,IN00006,,,
RDC00241,IN00030,,,
RDC00241,IN00005,,,
RDC00241,IN00031,,,
RDC00241,IN00032,,,
RDC00242,IN00006,,,
RDC00244,IN00059,,,
RDC00244,IN00038,,,
RDC00245,IN00059,,,
RDC00245,IN00038,,,
RDC00247,IN00001,,,
RDC00248,IN00041,,,
RDC00249,IN00041,,,
RDC00250,IN00041,,,
RDC00251,IN00007,,,
RDC00252,IN00006,,,
RDC00253,IN00006,,,
RDC00254,IN00006,,,
RDC00255,IN00006,,,
RDC00256,IN00006,,,
RDC00260,IN00042,,,
RDC00261,IN00042,,,
RDC00263,IN00002,,,
RDC00264,IN00002,,,
RDC00265,IN00049,,,
RDC00266,IN00006,,,
RDC00274,IN00041,,,
RDC00277,IN00002,,,
RDC00277,IN00006,,,
RDC00285,IN00011,,,
RDC00286,IN00065,,,
RDC00288,IN00050,,,
RDC00290,IN00012,,,
RDC00327,IN00024,,,
RDC00327,IN00007,,,
RDC00327,IN00037,,,
RDC00327,IN00009,,,
RDC00328,IN00007,,,
RDC00328,IN00026,,,
RDC00328,IN00060,,,
RDC00328,IN00047,,,
RDC00329,IN00056,,,
RDC00329,IN00047,,,
RDC00329,IN00024,,,
RDC00329,IN00009,,,
RDC00330,IN00047,,,
RDC00330,IN00056,,,
RDC00330,IN00024,,,
RDC00330,IN00009,,,
RDC00336,IN00057,,,
RDC00336,IN00056,,,
RDC00336,IN00009,,,
RDC00337,IN00041,,,
RDC00337,IN00009,,,
RDC00337,IN00027,,,
RDC00337,IN00007,,,
RDC00338,IN00024,,,
RDC00338,IN00056,,,
RDC00338,IN00047,,,
RDC00338,IN00009,,,
RDC00341,IN00025,,,
RDC00341,IN00051,,,
RDC00341,IN00041,,,
RDC00341,IN00009,,,
RDC00341,IN00027,,,
RDC00342,IN00009,,,
RDC00342,IN00056,,,
RDC00342,IN00027,,,
RDC00343,IN00009,,,
RDC00343,IN00041,,,
RDC00343,IN00056,,,
RDC00348,IN00024,,,
RDC00348,IN00056,,,
RDC00349,IN00025,,,
RDC00349,IN00027,,,
RDC00350,IN00007,,,
RDC00350,IN00024,,,
RDC00350,IN00057,,,
RDC00351,IN00056,,,
RDC00351,IN00047,,,
RDC00351,IN00037,,,
RDC00351,IN00024,,,
RDC00351,IN00009,,,
RDC00353,IN00011,,,
RDC00353,IN00041,,,
RDC00353,IN00007,,,
RDC00353,IN00006,,,
RDC00357,IN00006,,,
RDC00358,IN00007,,,
RDC00358,IN00057,,,
RDC00358,IN00042,,,
RDC00358,IN00006,,,
RDC00359,IN00007,,,
RDC00359,IN00057,,,
RDC00359,IN00042,,,
RDC00359,IN00006,,,
RDC00369,IN00061,,,
RDC00369,IN00007,,,
RDC00371,IN00061,,,
RDC00371,IN00007,,,
RDC00372,IN00032,,,
RDC00374,IN00007,,,
RDC00376,IN00011,,,
RDC00376,IN00062,,,
RDC00376,IN00063,,,
RDC00376,IN00050,,,
RDC00377,IN00011,,,
RDC00377,IN00062,,,
RDC00377,IN00063,,,
RDC00377,IN00050,,,
RDC00378,IN00061,,,
RDC00378,IN00007,,,
RDC00379,IN00061,,,
RDC00379,IN00007,,,
RDC00380,IN00061,,,
RDC00380,IN00007,,,
RDC00381,IN00061,,,
RDC00381,IN00007,,,
RDC00382,IN00061,,,
RDC00382,IN00007,,,
RDC00383,IN00061,,,
RDC00383,IN00007,,,
RDC00384,IN00061,,,
RDC00384,IN00007,,,
RDC00385,IN00011,,,
RDC00386,IN00007,,,
RDC00387,IN00061,,,
RDC00387,IN00007,,,
RDC00389,IN00012,,,
RDC00390,IN00012,,,
RDC00391,IN00061,,,
RDC00391,IN00007,,,
RDC00392,IN00061,,,
RDC00392,IN00007,,,
RDC00394,IN00042,,,
RDC00394,IN00012,,,
RDC00397,IN00042,,,
RDC00397,IN00012,,,
RDC00398,IN00061,,,
RDC00398,IN00007,,,
RDC00399,IN00061,,,
RDC00399,IN00007,,,
RDC00402,IN00061,,,
RDC00402,IN00007,,,
RDC00403,IN00061,,,
RDC00403,IN00007,,,
RDC00406,IN00061,,,
RDC00406,IN00007,,,
RDC00407,IN00002,,,
RDC00407,IN00009,,,
RDC00408,IN00002,,,
RDC00408,IN00009,,,
RDC00409,IN00002,,,
RDC00409,IN00009,,,
RDC00410,IN00002,,,
RDC00410,IN00009,,,
RDC00411,IN00061,,,
RDC00412,IN00061,,,
RDC00413,IN00061,,,
RDC00416,IN00009,,,
RDC00417,IN00009,,,
RDC00419,IN00064,,,
RDC00423,IN00006,,,
RDC00423,IN00042,,,
RDC00423,IN00056,,,
RDC00424,IN00006,,,
RDC00424,IN00042,,,
RDC00424,IN00056,,,
RDC00425,IN00006,,,
RDC00425,IN00042,,,
RDC00425,IN00056,,,
RDC00426,IN00042,,,
RDC00427,IN00006,,,
RDC00427,IN00042,,,
RDC00427,IN00056,,,
RDC00431,IN00006,,,
RDC00431,IN00042,,,
RDC00431,IN00056,,,
RDC00435,IN00006,,,
RDC00435,IN00042,,,
RDC00435,IN00056,,,
RDC00437,IN00042,,,
RDC00438,IN00102,,,
RDC00439,IN00102,,,
RDC00440,IN00042,,,
RDC00443,IN00005,,,
RDC00444,IN00007,,,
RDC00445,IN00024,,,
RDC00447,IN00023,,,
RDC00448,IN00006,,,
RDC00448,IN00042,,,
RDC00448,IN00056,,,
RDC00449,IN00006,,,
RDC00449,IN00042,,,
RDC00449,IN00056,,,
RDC00451,IN00006,,,
RDC00451,IN00042,,,
RDC00451,IN00056,,,
RDC00453,IN00057,,,
RDC00456,IN00006,,,
RDC00456,IN00042,,,
RDC00456,IN00056,,,
RDC00457,IN00006,,,
RDC00457,IN00042,,,
RDC00457,IN00056,,,
RDC00461,IN00006,,,
RDC00461,IN00042,,,
RDC00461,IN00056,,,
RDC00462,IN00042,,,
RDC00462,IN00056,,,
RDC00462,IN00057,,,
RDC00462,IN00007,,,
RDC00462,IN00006,,,
RDC00462,IN00041,,,
RDC00467,IN00007,,,
RDC00469,IN00006,,,
RDC00469,IN00042,,,
RDC00469,IN00056,,,
RDC00468,IN00006,,,
RDC00468,IN00042,,,
RDC00468,IN00056,,,
RDC00479,IN00006,,,
RDC00479,IN00042,,,
RDC00479,IN00056,,,
RDC00480,IN00006,,,
RDC00480,IN00042,,,
RDC00480,IN00056,,,
RDC00483,IN00024,,,
RDC00486,IN00006,,,
RDC00486,IN00042,,,
RDC00486,IN00056,,,
RDC00487,IN00006,,,
RDC00487,IN00042,,,
RDC00487,IN00056,,,
RDC00488,IN00042,,,
RDC00488,IN00024,,,
RDC00489,IN00007,,,
RDC00494,IN00007,,,
RDC00495,IN00006,,,
RDC00495,IN00042,,,
RDC00495,IN00056,,,
RDC00495,IN00012,,,
RDC00497,IN00006,,,
RDC00497,IN00042,,,
RDC00497,IN00056,,,
RDC00497,IN00012,,,
RDC00500,IN00006,,,
RDC00500,IN00042,,,
RDC00500,IN00056,,,
RDC00501,IN00042,,,
RDC00504,IN00006,,,
RDC00504,IN00007,,,
RDC00504,IN00041,,,
RDC00515,IN00009,,,
RDC00516,IN00009,,,
RDC00517,IN00009,,,
RDC00518,IN00071,,,
RDC00519,IN00071,,,
RDC00520,IN00001,,,
RDC00521,IN00003,,,
RDC00522,IN00072,,,
RDC00523,IN00003,,,
RDC00524,IN00011,,,
RDC00525,IN00011,,,
RDC00528,IN00011,,,
RDC00529,IN00011,,,
RDC00530,IN00102,,,
RDC00530,IN00006,,,
RDC00530,IN00042,,,
RDC00530,IN00056,,,
RDC00530,IN00011,,,
RDC00531,IN00038,,,
RDC00531,IN00005,,,
RDC00533,IN00011,,,
RDC00534,IN00011,,,
RDC00535,IN00011,,,
RDC00536,IN00011,,,
RDC00537,IN00011,,,
RDC00538,IN00011,,,
RDC00539,IN00011,,,
RDC00540,IN00024,,,
RDC00542,IN00056,,,
RDC00543,IN00073,,,
RDC00543,IN00003,,,
RDC00544,IN00011,,,
RDC00545,IN00011,,,
RDC00546,IN00003,,,
RDC00547,IN00038,,,
RDC00548,IN00038,,,
RDC00549,IN00024,,,
RDC00551,IN00009,,,
RDC00552,IN00024,,,
RDC00553,IN00024,,,
RDC00554,IN00072,,,
RDC00555,IN00037,,,
RDC00556,IN00037,,,
RDC00557,IN00037,,,
RDC00558,IN00056,,,
RDC00563,IN00065,,,
RDC00564,IN00065,,,
RDC00566,IN00007,,,
RDC00566,IN00057,,,
RDC00566,IN00011,,,
RDC00566,IN00039,,,
RDC00566,IN00065,,,
RDC00567,IN00007,,,
RDC00567,IN00057,,,
RDC00567,IN00011,,,
RDC00567,IN00039,,,
RDC00567,IN00065,,,
RDC00569,IN00007,,,
RDC00569,IN00057,,,
RDC00569,IN00011,,,
RDC00569,IN00039,,,
RDC00569,IN00065,,,
RDC00570,IN00056,,,
RDC00571,IN00056,,,
RDC00572,IN00041,,,
RDC00573,IN00006,,,
RDC00574,IN00006,,,
RDC00574,IN00042,,,
RDC00574,IN00056,,,
RDC00575,IN00007,,,
RDC00576,IN00007,,,
RDC00576,IN00024,,,
RDC00576,IN00027,,,
RDC00576,IN00057,,,
RDC00576,IN00038,,,
RDC00577,IN00007,,,
RDC00577,IN00024,,,
RDC00577,IN00027,,,
RDC00577,IN00057,,,
RDC00577,IN00038,,,
RDC00578,IN00007,,,
RDC00578,IN00024,,,
RDC00578,IN00027,,,
RDC00578,IN00057,,,
RDC00578,IN00038,,,
RDC00579,IN00041,,,
RDC00580,IN00006,,,
RDC00581,IN00006,,,
RDC00582,IN00037,,,
RDC00583,IN00065,,,
RDC00584,IN00005,,,
RDC00585,IN00037,,,
RDC00586,IN00037,,,
RDC00605,IN00025,,,
RDC00605,IN00034,,,
RDC00608,IN00025,,,
RDC00610,IN00025,,,
RDC00611,IN00025,,,
RDC00612,IN00025,,,
RDC00613,IN00025,,,
RDC00618,IN00025,,,
RDC00622,IN00025,,,
RDC00623,IN00025,,,
RDC00624,IN00025,,,
RDC00624,IN00034,,,
RDC00625,IN00025,,,
RDC00626,IN00025,,,
RDC00627,IN00025,,,
RDC00628,IN00025,,,
RDC00629,IN00025,,,
RDC00631,IN00025,,,
RDC00631,IN00034,,,
RDC00632,IN00025,,,
RDC00633,IN00025,,,
RDC00637,IN00025,,,
RDC00637,IN00034,,,
RDC00639,IN00025,,,
RDC00641,IN00025,,,
RDC00642,IN00025,,,
RDC00643,IN00025,,,
RDC00646,IN00025,,,
RDC00650,IN00025,,,
RDC00652,IN00025,,,
RDC00652,IN00034,,,
RDC00653,IN00025,,,
RDC00653,IN00034,,,
RDC00654,IN00025,,,
RDC00655,IN00025,,,
RDC00656,IN00025,,,
RDC00657,IN00025,,,
RDC00658,IN00025,,,
RDC00659,IN00025,,,
RDC00661,IN00025,,,
RDC00662,IN00025,,,
RDC00663,IN00025,,,
RDC00666,IN00025,,,
RDC00667,IN00025,,,
RDC00669,IN00025,,,
RDC00670,IN00025,,,
RDC00671,IN00025,,,
RDC00672,IN00025,,,
RDC00672,IN00034,,,
RDC00673,IN00025,,,
RDC00674,IN00025,,,
RDC00676,IN00025,,,
RDC00679,IN00025,,,
RDC00680,IN00025,,,
RDC00681,IN00025,,,
RDC00682,IN00025,,,
RDC00683,IN00025,,,
RDC00684,IN00025,,,
RDC00685,IN00025,,,
RDC00686,IN00025,,,
RDC00687,IN00025,,,
RDC00689,IN00025,,,
RDC00691,IN00025,,,
RDC00692,IN00025,,,
RDC00696,IN00025,,,
RDC00698,IN00025,,,
RDC00699,IN00025,,,
RDC00700,IN00025,,,
RDC00701,IN00025,,,
RDC00702,IN00025,,,
RDC00703,IN00025,,,
RDC00704,IN00025,,,
RDC00705,IN00025,,,
RDC00706,IN00025,,,
RDC00707,IN00025,,,
RDC00708,IN00025,,,
RDC00709,IN00025,,,
RDC00710,IN00025,,,
RDC00711,IN00025,,,
RDC00712,IN00025,,,
RDC00712,IN00034,,,
RDC00713,IN00025,,,
RDC00715,IN00025,,,
RDC00716,IN00025,,,
RDC00717,IN00025,,,
RDC00718,IN00025,,,
RDC00719,IN00025,,,
RDC00720,IN00025,,,
RDC00721,IN00025,,,
RDC00722,IN00025,,,
RDC00723,IN00025,,,
RDC00724,IN00025,,,
RDC00725,IN00025,,,
RDC00726,IN00025,,,
RDC00727,IN00025,,,
RDC00728,IN00025,,,
RDC00729,IN00025,,,
RDC00730,IN00025,,,
RDC00731,IN00025,,,
RDC00731,IN00034,,,
RDC00732,IN00025,,,
RDC00732,IN00034,,,
RDC00733,IN00025,,,
RDC00734,IN00025,,,
RDC00735,IN00025,,,
RDC00735,IN00034,,,
RDC00736,IN00025,,,
RDC00737,IN00025,,,
RDC00738,IN00025,,,
RDC00739,IN00025,,,
RDC00740,IN00025,,,
RDC00741,IN00025,,,
RDC00741,IN00034,,,
RDC00743,IN00025,,,
RDC00744,IN00025,,,
RDC00745,IN00025,,,
RDC00746,IN00025,,,
RDC00751,IN00065,,,
RDC00752,IN00065,,,
RDC00754,IN00024,,,
RDC00754,IN00007,,,
RDC00755,IN00024,,,
RDC00756,IN00024,,,
RDC00757,IN00024,,,
RDC00758,IN00024,,,
RDC00759,IN00002,,,
RDC00760,IN00016,,,
RDC00760,IN00065,,,
RDC00761,IN00016,,,
RDC00761,IN00065,,,
RDC00762,IN00016,,,
RDC00762,IN00065,,,
RDC00763,IN00016,,,
RDC00763,IN00065,,,
RDC00764,IN00016,,,
RDC00764,IN00065,,,
RDC00765,IN00016,,,
RDC00765,IN00065,,,
RDC00766,IN00016,,,
RDC00766,IN00065,,,
RDC00767,IN00016,,,
RDC00767,IN00065,,,
RDC00768,IN00016,,,
RDC00768,IN00065,,,
RDC00769,IN00016,,,
RDC00769,IN00065,,,
RDC00770,IN00016,,,
RDC00770,IN00065,,,
RDC00780,IN00007,,,
RDC00780,IN00011,,,
RDC00781,IN00009,,,
RDC00781,IN00037,,,
RDC00782,IN00007,,,
RDC00782,IN00014,,,
RDC00783,IN00065,,,
RDC00784,IN00065,,,
RDC00785,IN00065,,,
RDC00786,IN00065,,,
RDC00787,IN00041,,,
RDC00788,IN00041,,,
RDC00789,IN00041,,,
RDC00790,IN00065,,,
RDC00791,IN00065,,,
RDC00792,IN00065,,,
RDC00793,IN00065,,,
RDC00794,IN00065,,,
RDC00797,IN00065,,,
RDC00798,IN00012,,,
RDC00799,IN00012,,,
RDC00800,IN00016,,,
RDC00801,IN00065,,,
RDC00802,IN00065,,,
RDC00803,IN00065,,,
RDC00804,IN00065,,,
RDC00805,IN00065,,,
RDC00806,IN00065,,,
RDC00809,IN00007,,,
RDC00812,IN00041,,,
RDC00813,IN00065,,,
RDC00814,IN00065,,,
RDC00815,IN00065,,,
RDC00816,IN00065,,,
RDC00817,IN00065,,,
RDC00818,IN00065,,,
RDC00820,IN00006,,,
RDC00821,IN00016,,,
RDC00822,IN00016,,,
RDC00823,IN00065,,,
RDC00823,IN00016,,,
RDC00824,IN00006,,,
RDC00824,IN00060,,,
RDC00824,IN00107,,,
RDC00825,IN00056,,,
RDC00826,IN00043,,,
RDC00827,IN00043,,,
RDC00828,IN00006,,,
RDC00829,IN00006,,,
RDC00829,IN00016,,,
RDC00830,IN00037,,,
RDC00831,IN00037,,,
RDC00832,IN00009,,,
RDC00832,IN00062,,,
RDC00832,IN00056,,,
RDC00833,IN00009,,,
RDC00833,IN00062,,,
RDC00833,IN00056,,,
RDC00834,IN00009,,,
RDC00834,IN00062,,,
RDC00834,IN00056,,,
RDC00836,IN00002,,,
RDC00837,IN00041,,,
RDC00838,IN00041,,,
RDC00839,IN00041,,,
RDC00840,IN00041,,,
RDC00841,IN00016,,,
RDC00841,IN00032,,,
RDC00842,IN00016,,,
RDC00843,IN00006,,,
RDC00844,IN00006,,,
RDC00845,IN00006,,,
RDC00846,IN00016,,,
RDC00847,IN00016,,,
RDC00848,IN00016,,,
RDC00849,IN00016,,,
RDC00850,IN00006,,,
RDC00851,IN00006,,,
RDC00852,IN00065,,,
RDC00852,IN00008,,,
RDC00854,IN00006,,,
RDC00854,IN00011,,,
RDC00855,IN00006,,,
RDC00856,IN00007,,,
RDC00857,IN00007,,,
RDC00858,IN00041,,,
RDC00860,IN00065,,,
RDC00861,IN00065,,,
RDC00862,IN00065,,,
RDC00863,IN00011,,,
RDC00865,IN00011,,,
RDC00870,IN00006,,,
RDC00872,IN00009,,,
RDC00872,IN00062,,,
RDC00872,IN00056,,,
RDC00872,IN00011,,,
RDC00873,IN00009,,,
RDC00873,IN00062,,,
RDC00873,IN00056,,,
RDC00873,IN00011,,,
RDC00874,IN00009,,,
RDC00874,IN00062,,,
RDC00874,IN00056,,,
RDC00874,IN00011,,,
RDC00875,IN00050,,,
RDC00875,IN00016,,,
RDC00876,IN00050,,,
RDC00876,IN00016,,,
RDC00877,IN00050,,,
RDC00877,IN00016,,,
RDC00878,IN00050,,,
RDC00878,IN00016,,,
RDC00879,IN00050,,,
RDC00879,IN00016,,,
RDC00880,IN00006,,,
RDC00881,IN00065,,,
RDC00882,IN00065,,,
RDC00883,IN00065,,,
RDC00884,IN00065,,,
RDC00885,IN00065,,,
RDC00886,IN00041,,,
RDC00887,IN00065,,,
RDC00888,IN00065,,,
RDC00889,IN00065,,,
RDC00890,IN00065,,,
RDC00891,IN00065,,,
RDC00892,IN00065,,,
RDC00893,IN00065,,,
RDC00894,IN00065,,,
RDC00895,IN00005,,,
RDC00896,IN00005,,,
RDC00897,IN00027,,,
RDC00898,IN00038,,,
RDC00899,IN00038,,,
RDC00900,IN00038,,,
RDC00901,IN00038,,,
RDC00902,IN00038,,,
RDC00903,IN00065,,,
RDC00904,IN00041,,,
RDC00905,IN00041,,,
RDC00906,IN00041,,,
RDC00908,IN00065,,,
RDC00909,IN00076,,,
RDC00910,IN00041,,,
RDC00911,IN00075,,,
RDC00911,IN00002,,,
RDC00912,IN00075,,,
RDC00912,IN00002,,,
RDC00913,IN00075,,,
RDC00913,IN00002,,,
RDC00914,IN00041,,,
RDC00915,IN00041,,,
RDC00916,IN00007,,,
RDC00917,IN00007,,,
RDC00918,IN00007,,,
RDC00919,IN00007,,,
RDC00925,IN00065,,,
RDC00927,IN00065,,,
RDC00928,IN00032,,,
RDC00929,IN00032,,,
RDC00934,IN00065,,,
RDC00935,IN00067,,,
RDC00936,IN00065,,,
RDC00937,IN00065,,,
RDC00938,IN00056,,,
RDC00941,IN00042,,,
RDC00942,IN00024,,,
RDC00942,IN00056,,,
RDC00943,IN00005,,,
RDC00943,IN00037,,,
RDC00943,IN00024,,,
RDC00944,IN00065,,,
RDC00945,IN00065,,,
RDC00946,IN00065,,,
RDC00947,IN00054,,,
RDC00948,IN00037,,,
RDC00949,IN00037,,,
RDC00950,IN00037,,,
RDC00951,IN00006,,,
RDC00952,IN00009,,,
RDC00952,IN00062,,,
RDC00952,IN00056,,,
RDC00953,IN00009,,,
RDC00953,IN00062,,,
RDC00953,IN00056,,,
RDC00954,IN00009,,,
RDC00954,IN00062,,,
RDC00954,IN00056,,,
RDC00955,IN00009,,,
RDC00955,IN00062,,,
RDC00955,IN00056,,,
RDC00956,IN00009,,,
RDC00956,IN00062,,,
RDC00956,IN00056,,,
RDC00957,IN00009,,,
RDC00957,IN00062,,,
RDC00957,IN00056,,,
RDC00958,IN00009,,,
RDC00958,IN00062,,,
RDC00958,IN00056,,,
RDC00959,IN00009,,,
RDC00959,IN00062,,,
RDC00959,IN00056,,,
RDC00960,IN00009,,,
RDC00960,IN00062,,,
RDC00960,IN00056,,,
RDC00961,IN00065,,,
RDC00962,IN00065,,,
RDC00963,IN00056,,,
RDC00964,IN00056,,,
RDC00965,IN00056,,,
RDC00966,IN00056,,,
RDC00967,IN00056,,,
RDC00969,IN00037,,,
RDC00969,IN00005,,,
RDC00969,IN00050,,,
RDC00970,IN00037,,,
RDC00970,IN00005,,,
RDC00970,IN00050,,,
RDC00971,IN00037,,,
RDC00971,IN00005,,,
RDC00971,IN00050,,,
RDC00972,IN00037,,,
RDC00972,IN00005,,,
RDC00972,IN00050,,,
RDC00973,IN00065,,,
RDC00973,IN00052,,,
RDC00973,IN00002,,,
RDC00976,IN00045,,,
RDC00977,IN00038,,,
RDC00978,IN00037,,,
RDC00980,IN00037,,,
RDC00981,IN00037,,,
RDC00984,IN00038,,,
RDC00988,IN00038,,,
RDC00989,IN00038,,,
RDC00990,IN00042,,,
RDC00991,IN00042,,,
RDC00992,IN00042,,,
RDC00993,IN00041,,,
RDC00995,IN00006,,,
RDC00998,IN00037,,,
RDC00998,IN00006,,,
RDC00999,IN00065,,,
RDC01001,IN00007,,,
RDC01001,IN00041,,,
RDC01001,IN00060,,,
RDC01002,IN00009,,,
RDC01003,IN00009,,,
RDC01004,IN00056,,,
RDC01004,IN00047,,,
RDC01005,IN00072,,,
RDC01006,IN00065,,,
RDC01007,IN00072,,,
RDC01008,IN00072,,,
RDC01009,IN00041,,,
RDC01010,IN00041,,,
RDC01011,IN00041,,,
RDC01012,IN00065,,,
RDC01013,IN00065,,,
RDC01014,IN00008,,,
RDC01015,IN00007,,,
RDC01016,IN00011,,,
RDC01017,IN00072,,,
RDC01020,IN00056,,,
RDC01021,IN00056,,,
RDC01022,IN00009,,,
RDC01024,IN00041,,,
RDC01025,IN00041,,,
RDC01026,IN00081,,,
RDC01027,IN00041,,,
RDC01028,IN00037,,,
RDC01029,IN00037,,,
RDC01032,IN00024,,,
RDC01032,IN00005,,,
RDC01032,IN00003,,,
RDC01033,IN00011,,,
RDC01033,IN00041,,,
RDC01034,IN00024,,,
RDC01035,IN00024,,,
RDC01036,IN00057,,,
RDC01039,IN00006,,,
RDC01043,IN00024,,,
RDC01043,IN00056,,,
RDC01044,IN00058,,,
RDC01044,IN00038,,,
RDC01050,IN00003,,,
RDC01052,IN00056,,,
RDC01056,IN00011,,,
RDC01057,IN00012,,,
RDC01057,IN00037,,,
RDC01057,IN00011,,,
RDC01060,IN00037,,,
RDC01060,IN00041,,,
RDC01061,IN00037,,,
RDC01062,IN00037,,,
RDC01064,IN00058,,,
RDC01066,IN00058,,,
RDC01067,IN00058,,,
RDC01068,IN00058,,,
RDC01070,IN00065,,,
RDC01097,IN00024,,,
RDC01105,IN00011,,,
RDC01110,IN00038,,,
RDC01111,IN00024,,,
RDC01112,IN00024,,,
RDC01113,IN00024,,,
RDC01123,IN00024,,,
RDC01129,IN00026,,,
RDC01129,IN00038,,,
RDC01130,IN00026,,,
RDC01130,IN00038,,,
RDC01133,IN00026,,,
RDC01133,IN00038,,,
RDC01152,IN00041,,,
RDC01173,IN00026,,,
RDC01181,IN00065,,,
RDC01186,IN00024,,,
RDC01187,IN00065,,,
RDC01191,IN00072,,,
RDC01191,IN00084,,,
RDC01191,IN00085,,,
RDC01191,IN00086,,,
RDC01221,IN00041,,,
RDC01223,IN00041,,,
RDC01226,IN00051,,,
RDC01227,IN00007,,,
RDC01227,IN00057,,,
RDC01227,IN00011,,,
RDC01227,IN00039,,,
RDC01227,IN00065,,,
RDC01228,IN00065,,,
RDC01231,IN00041,,,
RDC01235,IN00041,,,
RDC01236,IN00041,,,
RDC01237,IN00053,,,
RDC01238,IN00041,,,
RDC01241,IN00041,,,
RDC01243,IN00041,,,
RDC01245,IN00041,,,
RDC01247,IN00041,,,
RDC01248,IN00041,,,
RDC01250,IN00041,,,
RDC01251,IN00055,,,
RDC01253,IN00041,,,
RDC01256,IN00041,,,
RDC01257,IN00041,,,
RDC01258,IN00041,,,
RDC01259,IN00041,,,
RDC01262,IN00041,,,
RDC01267,IN00041,,,
RDC01269,IN00041,,,
RDC01271,IN00041,,,
RDC01279,IN00041,,,
RDC01287,IN00007,,,
RDC01288,IN00037,,,
RDC01289,IN00041,,,
RDC01290,IN00041,,,
RDC01291,IN00041,,,
RDC01292,IN00041,,,
RDC01293,IN00041,,,
RDC01295,IN00041,,,
RDC01296,IN00041,,,
RDC01297,IN00041,,,
RDC01298,IN00041,,,
RDC01302,IN00041,,,
RDC01305,IN00041,,,
RDC01306,IN00041,,,
RDC01307,IN00041,,,
RDC01309,IN00041,,,
RDC01310,IN00041,,,
RDC01311,IN00041,,,
RDC01313,IN00041,,,
RDC01315,IN00041,,,
RDC01316,IN00041,,,
RDC01324,IN00041,,,
RDC01325,IN00041,,,
RDC01326,IN00041,,,
RDC01328,IN00041,,,
RDC01329,IN00041,,,
RDC01330,IN00041,,,
RDC01334,IN00041,,,
RDC01337,IN00041,,,
RDC01338,IN00041,,,
RDC01339,IN00041,,,
RDC01340,IN00041,,,
RDC01341,IN00041,,,
RDC01342,IN00041,,,
RDC01343,IN00041,,,
RDC01344,IN00041,,,
RDC01355,IN00041,,,
RDC01356,IN00041,,,
RDC01360,IN00041,,,
RDC01362,IN00057,,,
RDC01363,IN00041,,,
RDC01364,IN00041,,,
RDC01365,IN00041,,,
RDC01374,IN00041,,,
RDC01375,IN00041,,,
RDC01380,IN00041,,,
RDC01381,IN00041,,,
RDC01383,IN00041,,,
RDC01384,IN00041,,,
RDC01386,IN00060,,,
RDC01385,IN00060,,,
RDC01390,IN00041,,,
RDC01391,IN00041,,,
RDC01392,IN00041,,,
RDC01393,IN00041,,,
RDC01395,IN00041,,,
RDC01396,IN00041,,,
RDC01397,IN00041,,,
RDC01398,IN00041,,,
RDC01399,IN00041,,,
RDC01400,IN00041,,,
RDC01401,IN00041,,,
RDC01402,IN00041,,,
RDC01403,IN00041,,,
RDC01408,IN00041,,,
RDC01415,IN00062,,,
RDC01420,IN00041,,,
RDC01431,IN00063,,,
RDC01432,IN00064,,,
RDC01443,IN00041,,,
RDC01444,IN00041,,,
RDC01445,IN00041,,,
RDC01450,IN00065,,,
RDC01451,IN00066,,,
RDC01452,IN00041,,,
RDC01453,IN00041,,,
RDC01454,IN00041,,,
RDC01455,IN00041,,,
RDC01456,IN00041,,,
RDC01457,IN00041,,,
RDC01458,IN00041,,,
RDC01459,IN00041,,,
RDC01460,IN00041,,,
RDC01462,IN00041,,,
RDC01463,IN00041,,,
RDC01465,IN00041,,,
RDC01466,IN00041,,,
RDC01467,IN00041,,,
RDC01468,IN00041,,,
RDC01469,IN00041,,,
RDC01470,IN00041,,,
RDC01471,IN00041,,,
RDC01472,IN00041,,,
RDC01473,IN00041,,,
RDC01474,IN00041,,,
RDC01475,IN00041,,,
RDC01476,IN00041,,,
RDC01477,IN00041,,,
RDC01478,IN00041,,,
RDC01480,IN00041,,,
RDC01481,IN00041,,,
RDC01482,IN00041,,,
RDC01483,IN00041,,,
RDC01484,IN00041,,,
RDC01485,IN00041,,,
RDC01487,IN00041,,,
RDC01488,IN00041,,,
RDC01492,IN00041,,,
RDC01493,IN00041,,,
RDC01494,IN00041,,,
RDC01495,IN00041,,,
RDC01496,IN00041,,,
RDC01497,IN00041,,,
RDC01498,IN00041,,,
RDC01500,IN00041,,,
RDC01501,IN00041,,,
RDC01502,IN00041,,,
RDC01503,IN00041,,,
RDC01559,IN00041,,,
RDC01560,IN00041,,,
RDC01561,IN00041,,,
RDC01562,IN00041,,,
RDC01563,IN00041,,,
RDC01566,IN00041,,,
RDC01567,IN00041,,,
RDC01568,IN00058,,,
RDC01569,IN00041,,,
RDC01600,IN00007,,,
RDC01603,IN00057,,,
RDC01604,IN00007,,,
RDC01605,IN00077,,,
RDC01606,IN00007,,,
RDC01609,IN00077,,,
RDC01610,IN00037,,,
RDC01611,IN00007,,,
RDC01611,IN00057,,,
RDC01612,IN00057,,,
RDC01613,IN00057,,,
RDC01614,IN00057,,,
RDC01615,IN00007,,,
RDC01616,IN00057,,,
RDC01620,IN00057,,,
RDC01622,IN00057,,,
RDC01627,IN00007,,,
RDC01628,IN00007,,,
RDC01631,IN00007,,,
RDC01632,IN00057,,,
RDC01633,IN00007,,,
RDC01633,IN00057,,,
RDC01634,IN00007,,,
RDC01635,IN00057,,,
RDC01637,IN00007,,,
RDC01638,IN00057,,,
RDC01642,IN00057,,,
RDC01645,IN00057,,,
RDC01646,IN00057,,,
RDC01647,IN00057,,,
RDC01648,IN00057,,,
RDC01649,IN00007,,,
RDC01650,IN00007,,,
RDC01651,IN00057,,,
RDC01652,IN00007,,,
RDC01653,IN00007,,,
RDC01654,IN00009,,,
RDC01654,IN00057,,,
RDC01655,IN00026,,,
RDC01656,IN00006,,,
RDC01658,IN00007,,,
RDC01659,IN00057,,,
RDC01662,IN00007,,,
RDC01663,IN00057,,,
RDC01663,IN00007,,,
RDC01664,IN00007,,,
RDC01665,IN00007,,,
RDC01666,IN00050,,,
RDC01667,IN00057,,,
RDC01668,IN00007,,,
RDC01669,IN00007,,,
RDC01670,IN00007,,,
RDC01673,IN00007,,,
RDC01673,IN00020,,,
RDC01674,IN00007,,,
RDC01674,IN00020,,,
RDC01677,IN00007,,,
RDC01678,IN00065,,,
RDC01679,IN00065,,,
RDC01680,IN00065,,,
RDC01681,IN00065,,,
RDC01682,IN00065,,,
RDC01683,IN00065,,,
RDC01684,IN00065,,,
RDC01685,IN00065,,,
RDC01686,IN00065,,,
RDC01687,IN00065,,,
RDC01688,IN00065,,,
RDC01689,IN00065,,,
RDC01695,IN00007,,,
RDC01695,IN00057,,,
RDC01696,IN00007,,,
RDC01696,IN00057,,,
RDC01697,IN00065,,,
RDC01698,IN00065,,,
RDC01699,IN00007,,,
RDC01700,IN00007,,,
RDC01701,IN00007,,,
RDC01702,IN00007,,,
RDC01703,IN00007,,,
RDC01704,IN00065,,,
RDC01707,IN00065,,,
RDC01708,IN00065,,,
RDC01710,IN00007,,,
RDC01711,IN00007,,,
RDC01712,IN00057,,,
RDC01713,IN00057,,,
RDC01714,IN00007,,,
RDC01716,IN00057,,,
RDC01717,IN00057,,,
RDC01718,IN00065,,,
RDC01719,IN00065,,,
RDC01720,IN00007,,,
RDC01721,IN00065,,,
RDC01723,IN00065,,,
RDC01724,IN00057,,,
RDC01725,IN00057,,,
RDC01726,IN00057,,,
RDC01727,IN00037,,,
RDC01729,IN00065,,,
RDC01730,IN00065,,,
RDC01731,IN00065,,,
RDC01740,IN00007,,,
RDC01741,IN00007,,,
RDC01741,IN00057,,,
RDC01742,IN00007,,,
RDC01743,IN00007,,,
RDC01744,IN00007,,,
RDC01745,IN00057,,,
RDC01746,IN00007,,,
RDC01746,IN00057,,,
RDC01747,IN00007,,,
RDC01748,IN00007,,,
RDC01749,IN00007,,,
RDC01749,IN00057,,,
RDC01750,IN00007,,,
RDC01751,IN00007,,,
RDC01752,IN00057,,,
RDC01753,IN00050,,,
RDC01754,IN00050,,,
RDC01755,IN00007,,,
RDC01756,IN00057,,,
RDC01757,IN00007,,,
RDC01758,IN00007,,,
RDC01759,IN00007,,,
RDC01760,IN00007,,,
RDC01760,IN00057,,,
RDC01761,IN00007,,,
RDC01763,IN00007,,,
RDC01764,IN00007,,,
RDC01765,IN00007,,,
RDC01766,IN00007,,,
RDC01767,IN00007,,,
RDC01768,IN00007,,,
RDC01769,IN00007,,,
RDC01770,IN00007,,,
RDC01772,IN00007,,,
RDC01775,IN00007,,,
RDC01776,IN00007,,,
RDC01777,IN00037,,,
RDC01779,IN00007,,,
RDC01780,IN00007,,,
RDC01781,IN00007,,,
RDC01782,IN00007,,,
RDC01783,IN00007,,,
RDC01784,IN00007,,,
RDC01785,IN00007,,,
RDC01788,IN00007,,,
RDC01789,IN00007,,,
RDC01790,IN00007,,,
RDC01791,IN00007,,,
RDC01792,IN00007,,,
RDC01793,IN00007,,,
RDC01794,IN00007,,,
RDC01795,IN00007,,,
RDC01796,IN00007,,,
RDC01797,IN00007,,,
RDC01799,IN00007,,,
RDC01802,IN00050,,,
RDC01807,IN00007,,,
RDC01808,IN00057,,,
RDC01809,IN00007,,,
RDC01810,IN00007,,,
RDC01811,IN00007,,,
RDC01812,IN00057,,,
RDC01813,IN00057,,,
RDC01814,IN00057,,,
RDC01815,IN00057,,,
RDC01816,IN00037,,,
RDC01817,IN00057,,,
RDC01818,IN00057,,,
RDC01819,IN00057,,,
RDC01820,IN00057,,,
RDC01821,IN00057,,,
RDC01822,IN00057,,,
RDC01823,IN00007,,,
RDC01824,IN00007,,,
RDC01825,IN00057,,,
RDC01826,IN00037,,,
RDC01827,IN00037,,,
RDC01828,IN00037,,,
RDC01829,IN00037,,,
RDC01830,IN00037,,,
RDC01834,IN00007,,,
RDC01835,IN00041,,,
RDC01837,IN00041,,,
RDC01838,IN00007,,,
RDC01838,IN00057,,,
RDC01839,IN00007,,,
RDC01839,IN00006,,,
RDC01839,IN00011,,,
RDC01839,IN00057,,,
RDC01840,IN00007,,,
RDC01841,IN00007,,,
RDC01842,IN00007,,,
RDC01843,IN00007,,,
RDC01843,IN00041,,,
RDC01844,IN00007,,,
RDC01845,IN00007,,,
RDC01846,IN00007,,,
RDC01847,IN00007,,,
RDC01848,IN00007,,,
RDC01848,IN00050,,,
RDC01849,IN00007,,,
RDC01849,IN00050,,,
RDC01850,IN00007,,,
RDC01850,IN00057,,,
RDC01851,IN00007,,,
RDC01851,IN00057,,,
RDC01852,IN00007,,,
RDC01852,IN00057,,,
RDC01853,IN00007,,,
RDC01854,IN00007,,,
RDC01855,IN00007,,,
RDC01855,IN00057,,,
RDC01856,IN00007,,,
RDC01856,IN00057,,,
RDC01857,IN00007,,,
RDC01858,IN00007,,,
RDC01858,IN00050,,,
RDC01858,IN00057,,,
RDC01859,IN00007,,,
RDC01860,IN00007,,,
RDC01861,IN00006,,,
RDC01861,IN00007,,,
RDC01861,IN00057,,,
RDC01864,IN00050,,,
RDC01867,IN00007,,,
RDC01868,IN00007,,,
RDC01868,IN00041,,,
RDC01869,IN00007,,,
RDC01870,IN00050,,,
RDC01872,IN00007,,,
RDC01873,IN00007,,,
RDC01874,IN00007,,,
RDC01875,IN00007,,,
RDC01882,IN00050,,,
RDC01883,IN00050,,,
RDC01884,IN00007,,,
RDC01884,IN00011,,,
RDC01885,IN00007,,,
RDC01885,IN00011,,,
RDC01886,IN00007,,,
RDC01886,IN00011,,,
RDC01887,IN00011,,,
RDC01888,IN00011,,,
RDC01890,IN00050,,,
RDC01890,IN00057,,,
RDC01891,IN00007,,,
RDC01891,IN00057,,,
RDC01892,IN00007,,,
RDC01892,IN00057,,,
RDC01895,IN00007,,,
RDC01895,IN00057,,,
RDC01897,IN00057,,,
RDC01899,IN00007,,,
RDC01899,IN00057,,,
RDC01900,IN00007,,,
RDC01906,IN00007,,,
RDC01906,IN00026,,,
RDC01906,IN00050,,,
RDC01906,IN00072,,,
RDC01907,IN00007,,,
RDC01907,IN00057,,,
RDC01908,IN00007,,,
RDC01908,IN00057,,,
RDC01909,IN00007,,,
RDC01909,IN00057,,,
RDC01910,IN00007,,,
RDC01910,IN00057,,,
RDC01911,IN00007,,,
RDC01911,IN00057,,,
RDC01914,IN00052,,,
RDC01916,IN00007,,,
RDC01916,IN00057,,,
RDC01917,IN00007,,,
RDC01917,IN00057,,,
RDC01918,IN00007,,,
RDC01918,IN00057,,,
RDC01919,IN00007,,,
RDC01920,IN00007,,,
RDC01921,IN00007,,,
RDC01922,IN00007,,,
RDC01924,IN00007,,,
RDC01927,IN00007,,,
RDC01927,IN00057,,,
RDC01928,IN00007,,,
RDC01928,IN00057,,,
RDC01929,IN00007,,,
RDC01929,IN00057,,,
RDC01930,IN00007,,,
RDC01930,IN00057,,,
RDC01931,IN00007,,,
RDC01931,IN00057,,,
RDC01932,IN00007,,,
RDC01932,IN00057,,,
RDC01933,IN00007,,,
RDC01934,IN00007,,,
RDC01934,IN00037,,,
RDC01934,IN00041,,,
RDC01934,IN00057,,,
RDC01934,IN00072,,,
RDC01937,IN00057,,,
RDC01938,IN00007,,,
RDC01938,IN00057,,,
RDC01940,IN00057,,,
RDC01941,IN00057,,,
RDC01942,IN00057,,,
RDC01943,IN00041,,,
RDC01944,IN00007,,,
RDC01945,IN00007,,,
RDC01946,IN00007,,,
RDC01947,IN00007,,,
RDC01950,IN00007,,,
RDC01951,IN00007,,,
RDC01951,IN00057,,,
RDC01952,IN00057,,,
RDC01953,IN00057,,,
RDC01955,IN00007,,,
RDC01956,IN00007,,,
RDC01958,IN00057,,,
RDC01959,IN00007,,,
RDC01959,IN00037,,,
RDC01959,IN00057,,,
RDC01964,IN00041,,,
RDC01965,IN00041,,,
RDC01966,IN00041,,,
RDC01967,IN00007,,,
RDC01968,IN00007,,,
RDC01970,IN00007,,,
RDC01971,IN00007,,,
RDC01971,IN00057,,,
RDC01971,IN00072,,,
RDC01975,IN00007,,,
RDC01976,IN00007,,,
RDC01977,IN00007,,,
RDC01978,IN00057,,,
RDC01978,IN00041,,,
RDC01980,IN00057,,,
RDC01981,IN00057,,,
RDC01982,IN00057,,,
RDC01982,IN00041,,,
RDC01983,IN00057,,,
RDC01983,IN00041,,,
RDC02000,IN00041,,,
RDC02000,IN00007,,,
RDC02000,IN00090,,,
RDC02001,IN00041,,,
RDC02001,IN00007,,,
RDC02001,IN00090,,,
RDC02003,IN00007,,,
RDC02004,IN00041,,,
RDC02004,IN00007,,,
RDC02005,IN00041,,,
RDC02006,IN00041,,,
RDC02006,IN00090,,,
RDC02006,IN00007,,,
RDC02006,IN00011,,,
RDC02006,IN00050,,,
RDC02007,IN00041,,,
RDC02007,IN00090,,,
RDC02007,IN00006,,,
RDC02007,IN00007,,,
RDC02008,IN00006,,,
RDC02008,IN00041,,,
RDC02008,IN00007,,,
RDC02009,IN00041,,,
RDC02010,IN00041,,,
RDC02011,IN00007,,,
RDC02011,IN00041,,,
RDC02012,IN00007,,,
RDC02012,IN00041,,,
RDC02013,IN00007,,,
RDC02013,IN00041,,,
RDC02014,IN00041,,,
RDC02015,IN00041,,,
RDC02015,IN00007,,,
RDC02016,IN00041,,,
RDC02016,IN00007,,,
RDC02016,IN00090,,,
RDC02016,IN00091,,,
RDC02017,IN00041,,,
RDC02017,IN00007,,,
RDC02018,IN00041,,,
RDC02019,IN00041,,,
RDC02020,IN00041,,,
RDC02021,IN00041,,,
RDC02022,IN00041,,,
RDC02023,IN00062,,,
RDC02023,IN00041,,,
RDC02023,IN00007,,,
RDC02024,IN00041,,,
RDC02025,IN00041,,,
RDC02025,IN00007,,,
RDC02025,IN00011,,,
RDC02026,IN00041,,,
RDC02026,IN00007,,,
RDC02026,IN00011,,,
RDC02027,IN00041,,,
RDC02027,IN00007,,,
RDC02027,IN00011,,,
RDC02028,IN00041,,,
RDC02028,IN00007,,,
RDC02028,IN00011,,,
RDC02030,IN00041,,,
RDC02035,IN00041,,,
RDC02036,IN00041,,,
RDC02037,IN00041,,,
RDC02038,IN00041,,,
RDC02039,IN00009,,,
RDC02040,IN00009,,,
RDC02041,IN00051,,,
RDC02042,IN00041,,,
RDC02043,IN00041,,,
RDC02044,IN00041,,,
RDC02051,IN00041,,,
RDC02051,IN00007,,,
RDC02052,IN00041,,,
RDC02052,IN00007,,,
RDC02052,IN00090,,,
RDC02053,IN00041,,,
RDC02053,IN00007,,,
RDC02053,IN00090,,,
RDC02054,IN00041,,,
RDC02054,IN00007,,,
RDC02054,IN00090,,,
RDC02055,IN00041,,,
RDC02055,IN00007,,,
RDC02055,IN00090,,,
RDC02056,IN00041,,,
RDC02056,IN00007,,,
RDC02057,IN00041,,,
RDC02057,IN00007,,,
RDC02058,IN00041,,,
RDC02058,IN00007,,,
RDC02060,IN00041,,,
RDC02061,IN00041,,,
RDC02062,IN00041,,,
RDC02063,IN00041,,,
RDC02064,IN00041,,,
RDC02065,IN00041,,,
RDC02066,IN00041,,,
RDC02066,IN00007,,,
RDC02067,IN00041,,,
RDC02067,IN00007,,,
RDC02068,IN00041,,,
RDC02068,IN00007,,,
RDC02069,IN00090,,,
RDC02069,IN00041,,,
RDC02069,IN00007,,,
RDC02070,IN00041,,,
RDC02072,IN00007,,,
RDC02074,IN00041,,,
RDC02075,IN00041,,,
RDC02076,IN00041,,,
RDC02077,IN00041,,,
RDC02079,IN00041,,,
RDC02080,IN00041,,,
RDC02081,IN00041,,,
RDC02082,IN00041,,,
RDC02083,IN00041,,,
RDC02084,IN00041,,,
RDC02085,IN00041,,,
RDC02086,IN00041,,,
RDC02087,IN00041,,,
RDC02091,IN00041,,,
RDC02092,IN00041,,,
RDC02092,IN00007,,,
RDC02094,IN00041,,,
RDC02095,IN00041,,,
RDC02096,IN00041,,,
RDC02098,IN00041,,,
RDC02099,IN00041,,,
RDC02100,IN00041,,,
RDC02101,IN00041,,,
RDC02102,IN00041,,,
RDC02103,IN00041,,,
RDC02104,IN00041,,,
RDC02105,IN00041,,,
RDC02105,IN00007,,,
RDC02105,IN00011,,,
RDC02107,IN00041,,,
RDC02107,IN00007,,,
RDC02108,IN00041,,,
RDC02108,IN00007,,,
RDC02108,IN00011,,,
RDC02109,IN00041,,,
RDC02109,IN00007,,,
RDC02109,IN00011,,,
RDC02110,IN00041,,,
RDC02110,IN00007,,,
RDC02110,IN00011,,,
RDC02112,IN00041,,,
RDC02114,IN00041,,,
RDC02115,IN00041,,,
RDC02116,IN00041,,,
RDC02117,IN00041,,,
RDC02118,IN00041,,,
RDC02119,IN00027,,,
RDC02119,IN00007,,,
RDC02119,IN00041,,,
RDC02119,IN00011,,,
RDC02119,IN00009,,,
RDC02120,IN00027,,,
RDC02120,IN00007,,,
RDC02120,IN00041,,,
RDC02120,IN00011,,,
RDC02120,IN00009,,,
RDC02121,IN00027,,,
RDC02121,IN00007,,,
RDC02121,IN00041,,,
RDC02121,IN00011,,,
RDC02121,IN00009,,,
RDC02122,IN00027,,,
RDC02122,IN00007,,,
RDC02122,IN00041,,,
RDC02122,IN00011,,,
RDC02122,IN00009,,,
RDC02123,IN00027,,,
RDC02123,IN00007,,,
RDC02123,IN00041,,,
RDC02123,IN00011,,,
RDC02123,IN00009,,,
RDC02124,IN00027,,,
RDC02124,IN00007,,,
RDC02124,IN00041,,,
RDC02124,IN00011,,,
RDC02124,IN00009,,,
RDC02127,IN00041,,,
RDC02133,IN00041,,,
RDC02134,IN00037,,,
RDC02135,IN00037,,,
RDC02136,IN00041,,,
RDC02141,IN00041,,,
RDC02141,IN00007,,,
RDC02145,IN00041,,,
RDC02146,IN00041,,,
RDC02148,IN00041,,,
RDC02148,IN00007,,,
RDC02148,IN00093,,,
RDC02149,IN00041,,,
RDC02149,IN00007,,,
RDC02149,IN00093,,,
RDC02150,IN00041,,,
RDC02150,IN00007,,,
RDC02150,IN00093,,,
RDC02151,IN00041,,,
RDC02152,IN00041,,,
RDC02153,IN00041,,,
RDC02154,IN00041,,,
RDC02156,IN00041,,,
RDC02157,IN00027,,,
RDC02157,IN00007,,,
RDC02157,IN00041,,,
RDC02157,IN00011,,,
RDC02157,IN00009,,,
RDC02158,IN00027,,,
RDC02158,IN00007,,,
RDC02158,IN00041,,,
RDC02158,IN00011,,,
RDC02158,IN00009,,,
RDC02162,IN00041,,,
RDC02163,IN00041,,,
RDC02164,IN00041,,,
RDC02165,IN00041,,,
RDC02166,IN00041,,,
RDC02167,IN00041,,,
RDC02168,IN00041,,,
RDC02169,IN00041,,,
RDC02170,IN00041,,,
RDC02171,IN00041,,,
RDC02171,IN00007,,,
RDC02172,IN00041,,,
RDC02172,IN00007,,,
RDC02173,IN00041,,,
RDC02174,IN00007,,,
RDC02175,IN00041,,,
RDC02176,IN00041,,,
RDC02177,IN00041,,,
RDC02178,IN00041,,,
RDC02179,IN00009,,,
RDC02181,IN00041,,,
RDC02182,IN00041,,,
RDC02183,IN00007,,,
RDC02184,IN00007,,,
RDC02185,IN00041,,,
RDC02186,IN00041,,,
RDC02188,IN00041,,,
RDC02191,IN00041,,,
RDC02193,IN00041,,,
RDC02193,IN00007,,,
RDC02194,IN00009,,,
RDC02197,IN00041,,,
RDC02198,IN00041,,,
RDC02199,IN00041,,,
RDC02203,IN00041,,,
RDC02204,IN00041,,,
RDC02205,IN00041,,,
RDC02206,IN00041,,,
RDC02207,IN00041,,,
RDC02208,IN00041,,,
RDC02208,IN00007,,,
RDC02209,IN00041,,,
RDC02209,IN00007,,,
RDC02210,IN00041,,,
RDC02210,IN00007,,,
RDC02211,IN00041,,,
RDC02213,IN00007,,,
RDC02215,IN00041,,,
RDC02219,IN00041,,,
RDC02220,IN00041,,,
RDC02221,IN00041,,,
RDC02222,IN00027,,,
RDC02222,IN00007,,,
RDC02222,IN00041,,,
RDC02222,IN00011,,,
RDC02222,IN00009,,,
RDC02223,IN00027,,,
RDC02223,IN00007,,,
RDC02223,IN00041,,,
RDC02223,IN00011,,,
RDC02223,IN00009,,,
RDC02224,IN00027,,,
RDC02224,IN00007,,,
RDC02224,IN00041,,,
RDC02224,IN00011,,,
RDC02224,IN00009,,,
RDC02225,IN00027,,,
RDC02225,IN00007,,,
RDC02225,IN00041,,,
RDC02225,IN00011,,,
RDC02225,IN00009,,,
RDC02226,IN00027,,,
RDC02226,IN00007,,,
RDC02226,IN00041,,,
RDC02226,IN00011,,,
RDC02226,IN00009,,,
RDC02227,IN00027,,,
RDC02227,IN00007,,,
RDC02227,IN00041,,,
RDC02227,IN00011,,,
RDC02227,IN00009,,,
RDC02230,IN00041,,,
RDC02232,IN00041,,,
RDC02233,IN00041,,,
RDC02233,IN00007,,,
RDC02234,IN00041,,,
RDC02234,IN00007,,,
RDC02236,IN00041,,,
RDC02237,IN00041,,,
RDC02238,IN00041,,,
RDC02239,IN00041,,,
RDC02240,IN00041,,,
RDC02241,IN00041,,,
RDC02242,IN00041,,,
RDC02243,IN00041,,,
RDC02244,IN00041,,,
RDC02245,IN00027,,,
RDC02245,IN00007,,,
RDC02245,IN00041,,,
RDC02245,IN00011,,,
RDC02245,IN00009,,,
RDC02246,IN00041,,,
RDC02252,IN00007,,,
RDC02252,IN00012,,,
RDC02253,IN00001,,,
RDC02254,IN00008,,,
RDC02255,IN00027,,,
RDC02256,IN00027,,,
RDC02257,IN00008,,,
RDC02258,IN00006,,,
RDC02259,IN00065,,,
RDC02260,IN00065,,,
RDC02262,IN00007,,,
RDC02262,IN00041,,,
RDC02262,IN00011,,,
RDC02262,IN00057,,,
RDC02262,IN00009,,,
RDC02262,IN00026,,,
RDC02262,IN00037,,,
RDC02262,IN00058,,,
RDC02262,IN00042,,,
RDC02264,IN00007,,,
RDC02264,IN00041,,,
RDC02264,IN00011,,,
RDC02264,IN00057,,,
RDC02264,IN00009,,,
RDC02264,IN00026,,,
RDC02264,IN00037,,,
RDC02264,IN00058,,,
RDC02264,IN00042,,,
RDC02265,IN00011,,,
RDC02266,IN00007,,,
RDC02266,IN00041,,,
RDC02266,IN00011,,,
RDC02266,IN00057,,,
RDC02266,IN00009,,,
RDC02266,IN00026,,,
RDC02266,IN00037,,,
RDC02266,IN00058,,,
RDC02266,IN00042,,,
RDC02267,IN00006,,,
RDC02268,IN00001,,,
RDC02278,IN00007,,,
RDC02278,IN00041,,,
RDC02278,IN00011,,,
RDC02278,IN00057,,,
RDC02278,IN00009,,,
RDC02278,IN00026,,,
RDC02278,IN00037,,,
RDC02278,IN00058,,,
RDC02278,IN00042,,,
RDC02280,IN00007,,,
RDC02281,IN00007,,,
RDC02281,IN00041,,,
RDC02281,IN00011,,,
RDC02281,IN00057,,,
RDC02281,IN00009,,,
RDC02281,IN00026,,,
RDC02281,IN00037,,,
RDC02281,IN00058,,,
RDC02281,IN00042,,,
RDC02302,IN00046,,,
RDC02303,IN00046,,,
RDC02304,IN00046,,,
RDC02305,IN00097,,,
RDC02305,IN00098,,,
RDC02305,IN00053,,,
RDC02305,IN00047,,,
RDC02306,IN00046,,,
RDC02308,IN00046,,,
RDC02309,IN00046,,,
RDC02310,IN00046,,,
RDC02312,IN00046,,,
RDC02314,IN00046,,,
RDC02315,IN00046,,,
RDC02317,IN00096,,,
RDC02319,IN00096,,,
RDC02320,IN00046,,,
RDC02321,IN00046,,,
RDC02322,IN00046,,,
RDC02325,IN00096,,,
RDC02330,IN00042,,,
RDC02331,IN00066,,,
RDC02333,IN00046,,,
RDC02334,IN00046,,,
RDC02336,IN00095,,,
RDC02340,IN00066,,,
RDC02341,IN00066,,,
RDC02342,IN00066,,,
RDC02345,IN00046,,,
RDC02346,IN00046,,,
RDC02352,IN00037,,,
RDC02353,IN00037,,,
RDC02354,IN00037,,,
RDC02355,IN00037,,,
RDC02356,IN00065,,,
RDC02357,IN00065,,,
RDC02358,IN00065,,,
RDC02359,IN00065,,,
RDC02361,IN00065,,,
RDC02362,IN00037,,,
RDC02363,IN00037,,,
RDC02363,IN00060,,,
RDC02365,IN00065,,,
RDC02366,IN00065,,,
RDC02371,IN00023,,,
RDC02372,IN00065,,,
RDC02374,IN00065,,,
RDC02375,IN00065,,,
RDC02376,IN00065,,,
RDC02377,IN00065,,,
RDC02378,IN00065,,,
RDC02379,IN00037,,,
RDC02380,IN00037,,,
RDC02381,IN00065,,,
RDC02382,IN00065,,,
RDC02383,IN00065,,,
RDC02384,IN00065,,,
RDC02385,IN00065,,,
RDC02386,IN00065,,,
RDC02387,IN00037,,,
RDC02388,IN00037,,,
RDC02389,IN00037,,,
RDC02390,IN00037,,,
RDC02391,IN00037,,,
RDC02393,IN00065,,,
RDC02394,IN00065,,,
RDC02395,IN00065,,,
RDC02396,IN00065,,,
RDC02397,IN00065,,,
RDC02399,IN00065,,,
RDC02402,IN00037,,,
RDC02404,IN00037,,,
RDC02406,IN00037,,,
RDC02410,IN00065,,,
RDC02411,IN00037,,,
RDC02412,IN00037,,,
RDC02413,IN00037,,,
RDC02414,IN00037,,,
RDC02421,IN00078,,,
RDC02422,IN00065,,,
RDC02423,IN00102,,,
RDC02423,IN00065,,,
RDC02425,IN00038,,,
RDC02426,IN00007,,,
RDC02427,IN00006,,,
RDC02428,IN00037,,,
RDC02429,IN00038,,,
RDC02430,IN00038,,,
RDC02431,IN00065,,,
RDC02432,IN00006,,,
RDC02436,IN00037,,,
RDC02439,IN00009,,,
RDC02440,IN00042,,,
RDC02441,IN00037,,,
RDC02442,IN00102,,,
RDC02442,IN00065,,,
RDC02443,IN00102,,,
RDC02443,IN00065,,,
RDC02444,IN00102,,,
RDC02444,IN00065,,,
RDC02445,IN00102,,,
RDC02445,IN00065,,,
RDC02446,IN00007,,,
RDC02449,IN00101,,,
RDC02450,IN00102,,,
RDC02450,IN00065,,,
RDC02451,IN00002,,,
RDC02452,IN00002,,,
RDC02453,IN00060,,,
RDC02454,IN00060,,,
RDC02457,IN00065,,,
RDC02458,IN00065,,,
RDC02459,IN00065,,,
RDC02460,IN00065,,,
RDC02461,IN00065,,,
RDC02462,IN00065,,,
RDC02463,IN00065,,,
RDC02464,IN00065,,,
RDC02465,IN00002,,,
RDC02466,IN00002,,,
RDC02467,IN00041,,,
RDC02468,IN00100,,,
RDC02469,IN00100,,,
RDC02470,IN00056,,,
RDC02471,IN00056,,,
RDC02472,IN00065,,,
RDC02473,IN00065,,,
RDC02474,IN00065,,,
RDC02475,IN00065,,,
RDC02476,IN00065,,,
RDC02477,IN00056,,,
RDC02479,IN00038,,,
RDC02481,IN00038,,,
RDC02483,IN00006,,,
RDC02483,IN00038,,,
RDC02484,IN00006,,,
RDC02484,IN00038,,,
RDC02485,IN00006,,,
RDC02485,IN00038,,,
RDC02492,IN00065,,,
RDC02493,IN00009,,,
RDC02494,IN00037,,,
RDC02494,IN00038,,,
RDC02499,IN00099,,,
RDC02501,IN00012,,,
RDC02515,IN00063,,,
RDC02516,IN00063,,,
RDC02520,IN00057,,,
RDC02520,IN00059,,,
RDC02521,IN00057,,,
RDC02521,IN00059,,,
RDC02521,IN00024,,,
RDC02521,IN00058,,,
RDC02521,IN00007,,,
RDC02521,IN00105,,,
RDC02521,IN00027,,,
RDC02521,IN00062,,,
RDC02521,IN00060,,,
RDC02521,IN00106,,,
RDC02521,IN00107,,,
RDC02521,IN00006,,,
RDC02525,IN00063,,,
RDC02526,IN00063,,,
RDC02527,IN00063,,,
RDC02528,IN00063,,,
RDC02529,IN00063,,,
RDC02531,IN00063,,,
RDC02532,IN00063,,,
RDC02533,IN00063,,,
RDC02534,IN00063,,,
RDC02535,IN00063,,,
RDC02536,IN00063,,,
RDC02537,IN00063,,,
RDC02538,IN00024,,,
RDC02539,IN00063,,,
RDC02540,IN00063,,,
RDC02541,IN00063,,,
RDC02541,IN00024,,,
RDC02542,IN00063,,,
RDC02542,IN00057,,,
RDC02543,IN00063,,,
RDC02543,IN00057,,,
RDC02544,IN00063,,,
RDC02544,IN00057,,,
RDC02546,IN00063,,,
RDC02547,IN00063,,,
RDC02548,IN00018,,,
RDC02549,IN00018,,,
RDC02551,IN00063,,,
RDC02552,IN00063,,,
RDC02556,IN00057,,,
RDC02557,IN00057,,,
RDC02558,IN00018,,,
RDC02560,IN00018,,,
RDC02561,IN00057,,,
RDC02561,IN00006,,,
RDC02561,IN00088,,,
RDC02562,IN00007,,,
RDC02562,IN00018,,,
RDC02563,IN00042,,,
RDC02565,IN00047,,,
RDC02566,IN00047,,,
RDC02567,IN00047,,,
RDC02568,IN00047,,,
RDC02569,IN00024,,,
RDC02570,IN00024,,,
RDC02572,IN00047,,,
RDC02572,IN00102,,,
RDC02572,IN00065,,,
RDC02573,IN00102,,,
RDC02573,IN00065,,,
RDC02574,IN00047,,,
RDC02575,IN00047,,,
RDC02577,IN00047,,,
RDC02578,IN00047,,,
RDC02579,IN00047,,,
RDC02580,IN00047,,,
RDC02581,IN00102,,,
RDC02581,IN00065,,,
RDC02582,IN00102,,,
RDC02582,IN00065,,,
RDC02584,IN00005,,,
RDC02585,IN00005,,,
RDC02586,IN00047,,,
RDC02587,IN00047,,,
RDC02588,IN00047,,,
RDC02588,IN00102,,,
RDC02588,IN00065,,,
RDC02589,IN00102,,,
RDC02589,IN00065,,,
RDC02590,IN00047,,,
RDC02592,IN00042,,,
RDC02593,IN00042,,,
RDC02593,IN00047,,,
RDC02593,IN00102,,,
RDC02593,IN00065,,,
RDC02594,IN00042,,,
RDC02595,IN00042,,,
RDC02595,IN00047,,,
RDC02596,IN00042,,,
RDC02596,IN00047,,,
RDC02597,IN00042,,,
RDC02597,IN00047,,,
RDC02597,IN00102,,,
RDC02597,IN00065,,,
RDC02598,IN00042,,,
RDC02598,IN00047,,,
RDC02598,IN00102,,,
RDC02598,IN00065,,,
RDC02599,IN00042,,,
RDC02599,IN00047,,,
RDC02599,IN00102,,,
RDC02599,IN00065,,,
RDC02600,IN00042,,,
RDC02600,IN00047,,,
RDC02600,IN00102,,,
RDC02600,IN00065,,,
RDC02601,IN00042,,,
RDC02602,IN00042,,,
RDC02611,IN00041,,,
RDC02613,IN00102,,,
RDC02613,IN00065,,,
RDC02617,IN00047,,,
RDC02618,IN00007,,,
RDC02620,IN00006,,,
RDC02621,IN00035,,,
RDC02622,IN00072,,,
RDC02624,IN00057,,,
RDC02624,IN00062,,,
RDC02625,IN00009,,,
RDC02625,IN00057,,,
RDC02625,IN00056,,,
RDC02625,IN00050,,,
RDC02625,IN00014,,,
RDC02625,IN00059,,,
RDC02625,IN00011,,,
RDC02626,IN00009,,,
RDC02626,IN00057,,,
RDC02626,IN00056,,,
RDC02626,IN00050,,,
RDC02626,IN00014,,,
RDC02626,IN00059,,,
RDC02626,IN00011,,,
RDC02628,IN00035,,,
RDC02632,IN00011,,,
RDC02632,IN00037,,,
RDC02632,IN00106,,,
RDC02631,IN00011,,,
RDC02631,IN00037,,,
RDC02631,IN00106,,,
RDC02634,IN00106,,,
RDC02635,IN00106,,,
RDC02636,IN00094,,,
RDC02637,IN00094,,,
RDC02638,IN00046,,,
RDC02638,IN00094,,,
RDC02639,IN00046,,,
RDC02639,IN00094,,,
RDC02640,IN00106,,,
RDC02641,IN00106,,,
RDC02642,IN00106,,,
RDC02643,IN00106,,,
RDC02644,IN00094,,,
RDC02646,IN00074,,,
RDC02647,IN00074,,,
RDC02648,IN00106,,,
RDC02649,IN00106,,,
RDC02651,IN00094,,,
RDC02651,IN00106,,,
RDC02652,IN00094,,,
RDC02653,IN00094,,,
RDC02654,IN00094,,,
RDC02655,IN00094,,,
RDC02656,IN00094,,,
RDC02657,IN00046,,,
RDC02657,IN00089,,,
RDC02659,IN00106,,,
RDC02660,IN00094,,,
RDC02661,IN00102,,,
RDC02661,IN00065,,,
RDC02662,IN00094,,,
RDC02663,IN00094,,,
RDC02668,IN00106,,,
RDC02669,IN00106,,,
RDC02670,IN00106,,,
RDC02671,IN00106,,,
RDC02672,IN00106,,,
RDC02673,IN00106,,,
RDC02674,IN00106,,,
RDC02675,IN00106,,,
RDC02676,IN00106,,,
RDC02678,IN00079,,,
RDC02678,IN00080,,,
RDC02679,IN00079,,,
RDC02679,IN00080,,,
RDC02680,IN00074,,,
RDC02681,IN00106,,,
RDC02682,IN00106,,,
RDC02685,IN00106,,,
RDC02687,IN00046,,,
RDC02687,IN00106,,,
RDC02688,IN00106,,,
RDC02689,IN00106,,,
RDC02690,IN00106,,,
RDC02691,IN00106,,,
RDC02693,IN00106,,,
RDC02694,IN00106,,,
RDC02695,IN00106,,,
RDC02696,IN00094,,,
RDC02697,IN00106,,,
RDC02698,IN00042,,,
RDC02700,IN00094,,,
RDC02701,IN00106,,,
RDC02707,IN00094,,,
RDC02708,IN00106,,,
RDC02710,IN00106,,,
RDC02711,IN00106,,,
RDC02712,IN00106,,,
RDC02713,IN00106,,,
RDC02714,IN00106,,,
RDC02715,IN00106,,,
RDC02720,IN00065,,,
RDC02721,IN00065,,,
RDC02722,IN00065,,,
RDC02723,IN00092,,,
RDC02724,IN00065,,,
RDC02725,IN00041,,,
RDC02727,IN00065,,,
RDC02728,IN00041,,,
RDC02729,IN00032,,,
RDC02730,IN00038,,,
RDC02731,IN00029,,,
RDC02732,IN00020,,,
RDC02733,IN00028,,,
RDC02734,IN00041,,,
RDC02735,IN00065,,,
RDC02736,IN00002,,,
RDC02736,IN00037,,,
RDC02736,IN00009,,,
RDC02736,IN00041,,,
RDC02738,IN00034,,,
RDC02739,IN00006,,,
RDC02740,IN00041,,,
RDC02741,IN00041,,,
RDC02742,IN00065,,,
RDC02743,IN00065,,,
RDC02744,IN00057,,,
RDC02745,IN00016,,,
RDC02745,IN00070,,,
RDC02745,IN00038,,,
RDC02746,IN00038,,,
RDC02747,IN00038,,,
RDC02748,IN00038,,,
RDC02749,IN00002,,,
RDC02749,IN00050,,,
RDC02750,IN00065,,,
RDC02751,IN00065,,,
RDC02752,IN00038,,,
RDC02753,IN00038,,,
RDC02754,IN00034,,,
RDC02755,IN00007,,,
RDC02756,IN00065,,,
RDC02756,IN00038,,,
RDC02757,IN00005,,,
RDC02758,IN00005,,,
RDC02759,IN00041,,,
RDC02760,IN00041,,,
RDC02761,IN00041,,,
RDC02762,IN00065,,,
RDC02763,IN00065,,,
RDC02764,IN00041,,,
RDC02765,IN00041,,,
RDC02766,IN00041,,,
RDC02767,IN00065,,,
RDC02768,IN00041,,,
RDC02769,IN00002,,,
RDC02770,IN00027,,,
RDC02770,IN00017,,,
RDC02771,IN00057,,,
RDC02772,IN00007,,,
RDC02772,IN00024,,,
RDC02772,IN00037,,,
RDC02773,IN00011,,,
RDC02773,IN00041,,,
RDC02773,IN00065,,,
RDC02774,IN00065,,,
RDC02775,IN00065,,,
RDC02776,IN00065,,,
RDC02777,IN00065,,,
RDC02778,IN00038,,,
RDC02779,IN00038,,,
RDC02780,IN00038,,,
RDC02781,IN00025,,,
RDC02782,IN00025,,,
RDC02783,IN00038,,,
RDC02784,IN00038,,,
RDC02785,IN00041,,,
RDC02786,IN00041,,,
RDC02787,IN00002,,,
RDC02787,IN00007,,,
RDC02787,IN00024,,,
RDC02787,IN00037,,,
RDC02788,IN00002,,,
RDC02788,IN00007,,,
RDC02788,IN00024,,,
RDC02788,IN00037,,,
RDC02789,IN00058,,,
RDC02790,IN00058,,,
RDC02791,IN00050,,,
RDC02792,IN00050,,,
RDC02793,IN00041,,,
RDC02794,IN00041,,,
RDC02795,IN00041,,,
RDC02796,IN00041,,,
RDC02797,IN00058,,,
RDC02798,IN00058,,,
RDC02799,IN00058,,,
RDC02800,IN00058,,,
RDC02802,IN00065,,,
RDC02803,IN00065,,,
RDC02804,IN00027,,,
RDC02805,IN00027,,,
RDC02806,IN00007,,,
RDC02806,IN00059,,,
RDC02807,IN00007,,,
RDC02807,IN00059,,,
RDC02808,IN00009,,,
RDC02809,IN00009,,,
RDC02811,IN00009,,,
RDC02812,IN00021,,,
RDC02813,IN00038,,,
RDC02814,IN00038,,,
RDC02817,IN00034,,,
RDC02818,IN00051,,,
RDC02819,IN00009,,,
RDC02820,IN00025,,,
RDC02821,IN00065,,,
RDC02822,IN00065,,,
RDC02824,IN00051,,,
RDC02825,IN00036,,,
RDC02826,IN00027,,,
RDC02826,IN00034,,,
RDC02827,IN00006,,,
RDC02828,IN00009,,,
RDC02828,IN00050,,,
RDC02829,IN00009,,,
RDC02829,IN00050,,,
RDC02830,IN00009,,,
RDC02830,IN00050,,,
RDC02831,IN00037,,,
RDC02832,IN00037,,,
RDC02833,IN00037,,,
RDC02834,IN00042,,,
RDC02835,IN00042,,,
RDC02836,IN00065,,,
RDC02837,IN00050,,,
RDC02838,IN00007,,,
RDC02839,IN00041,,,
RDC02840,IN00065,,,
RDC02841,IN00065,,,
RDC02842,IN00065,,,
RDC02843,IN00065,,,
RDC02844,IN00065,,,
RDC02845,IN00065,,,
RDC02846,IN00065,,,
RDC02847,IN00065,,,
RDC02848,IN00065,,,
RDC02849,IN00011,,,
RDC02849,IN00057,,,
RDC02850,IN00041,,,
RDC02851,IN00027,,,
RDC02851,IN00060,,,
RDC02852,IN00007,,,
RDC02852,IN00041,,,
RDC02853,IN00058,,,
RDC02854,IN00051,,,
RDC02855,IN00041,,,
RDC02856,IN00041,,,
RDC02857,IN00051,,,
RDC02859,IN00038,,,
RDC02860,IN00041,,,
RDC00180,IN00038,,,
RDC00291,IN00038,,,
RDC00292,IN00038,,,
RDC00294,IN00012,,,
RDC00295,IN00009,,,
RDC00311,IN00081,,,
RDC00470,IN00006,,,
RDC00470,IN00042,,,
RDC00470,IN00056,,,
RDC00471,IN00006,,,
RDC00471,IN00042,,,
RDC00471,IN00056,,,
RDC00472,IN00006,,,
RDC00472,IN00042,,,
RDC00472,IN00056,,,
RDC00473,IN00006,,,
RDC00473,IN00042,,,
RDC00473,IN00056,,,
RDC00474,IN00006,,,
RDC00474,IN00042,,,
RDC00474,IN00056,,,
RDC00475,IN00006,,,
RDC00475,IN00042,,,
RDC00475,IN00056,,,
RDC00476,IN00006,,,
RDC00476,IN00042,,,
RDC00476,IN00056,,,
RDC00510,IN00007,,,
RDC00511,IN00007,,,
RDC00512,IN00007,,,
RDC00513,IN00009,,,
RDC00514,IN00009,,,
RDC00777,IN00007,,,
RDC00777,IN00037,,,
RDC00777,IN00009,,,
RDC00777,IN00011,,,
RDC00778,IN00007,,,
RDC00778,IN00037,,,
RDC00778,IN00009,,,
RDC00778,IN00011,,,
RDC00779,IN00007,,,
RDC00779,IN00037,,,
RDC00779,IN00009,,,
RDC00779,IN00011,,,
RDC00807,IN00012,,,
RDC00808,IN00012,,,
RDC00810,IN00012,,,
RDC00811,IN00012,,,
RDC00866,IN00038,,,
RDC00867,IN00038,,,
RDC00868,IN00038,,,
RDC00869,IN00038,,,
RDC00871,IN00005,,,
RDC00986,IN00007,,,
RDC00986,IN00037,,,
RDC00986,IN00009,,,
RDC00986,IN00011,,,
RDC01019,IN00038,,,
RDC01041,IN00012,,,
RDC01041,IN00042,,,
RDC01042,IN00012,,,
RDC01042,IN00042,,,
RDC01045,IN00024,,,
RDC01045,IN00042,,,
RDC01063,IN00058,,,
RDC01069,IN00058,,,
RDC01083,IN00007,,,
RDC01083,IN00037,,,
RDC01083,IN00009,,,
RDC01085,IN00042,,,
RDC01086,IN00042,,,
RDC01087,IN00042,,,
RDC01089,IN00038,,,
RDC01090,IN00038,,,
RDC01091,IN00038,,,
RDC01092,IN00038,,,
RDC01095,IN00024,,,
RDC01096,IN00024,,,
RDC01101,IN00007,,,
RDC01101,IN00037,,,
RDC01101,IN00009,,,
RDC01106,IN00042,,,
RDC01106,IN00011,,,
RDC01107,IN00042,,,
RDC01108,IN00042,,,
RDC01109,IN00006,,,
RDC01114,IN00011,,,
RDC01115,IN00011,,,
RDC01116,IN00011,,,
RDC01117,IN00042,,,
RDC01119,IN00042,,,
RDC01120,IN00042,,,
RDC01121,IN00042,,,
RDC01121,IN00037,,,
RDC01122,IN00042,,,
RDC01122,IN00037,,,
RDC01125,IN00011,,,
RDC01126,IN00011,,,
RDC01135,IN00094,,,
RDC01136,IN00007,,,
RDC01137,IN00007,,,
RDC01138,IN00007,,,
RDC01139,IN00007,,,
RDC01140,IN00007,,,
RDC01141,IN00007,,,
RDC01142,IN00042,,,
RDC01142,IN00037,,,
RDC01143,IN00042,,,
RDC01143,IN00037,,,
RDC01144,IN00042,,,
RDC01144,IN00037,,,
RDC01145,IN00042,,,
RDC01145,IN00037,,,
RDC01146,IN00042,,,
RDC01146,IN00037,,,
RDC01147,IN00011,,,
RDC01148,IN00011,,,
RDC01149,IN00011,,,
RDC01151,IN00037,,,
RDC01153,IN00011,,,
RDC01155,IN00024,,,
RDC01156,IN00038,,,
RDC01158,IN00042,,,
RDC01159,IN00042,,,
RDC01160,IN00042,,,
RDC01161,IN00042,,,
RDC01161,IN00012,,,
RDC01162,IN00042,,,
RDC01162,IN00012,,,
RDC01163,IN00038,,,
RDC01164,IN00038,,,
RDC01165,IN00038,,,
RDC01166,IN00042,,,
RDC01167,IN00042,,,
RDC01168,IN00042,,,
RDC01169,IN00042,,,
RDC01170,IN00042,,,
RDC01171,IN00042,,,
RDC01172,IN00012,,,
RDC01174,IN00038,,,
RDC01177,IN00041,,,
RDC01179,IN00042,,,
RDC01180,IN00042,,,
RDC01182,IN00038,,,
RDC01183,IN00038,,,
RDC01184,IN00009,,,
RDC01185,IN00005,,,
RDC01188,IN00038,,,
RDC01188,IN00007,,,
RDC01188,IN00024,,,
RDC01188,IN00009,,,
RDC01188,IN00057,,,
RDC01189,IN00038,,,
RDC01189,IN00007,,,
RDC01189,IN00024,,,
RDC01189,IN00009,,,
RDC01189,IN00057,,,
RDC01193,IN00038,,,
RDC01193,IN00007,,,
RDC01193,IN00024,,,
RDC01193,IN00009,,,
RDC01193,IN00057,,,
RDC01195,IN00038,,,
RDC01195,IN00007,,,
RDC01195,IN00024,,,
RDC01195,IN00009,,,
RDC01195,IN00057,,,
RDC01196,IN00038,,,
RDC01196,IN00007,,,
RDC01196,IN00024,,,
RDC01196,IN00009,,,
RDC01196,IN00057,,,
RDC01197,IN00038,,,
RDC01197,IN00007,,,
RDC01197,IN00024,,,
RDC01197,IN00009,,,
RDC01197,IN00057,,,
RDC01200,IN00038,,,
RDC01200,IN00007,,,
RDC01200,IN00024,,,
RDC01200,IN00009,,,
RDC01200,IN00057,,,
RDC01202,IN00038,,,
RDC01202,IN00007,,,
RDC01202,IN00024,,,
RDC01202,IN00009,,,
RDC01202,IN00057,,,
RDC01204,IN00038,,,
RDC01204,IN00007,,,
RDC01204,IN00024,,,
RDC01204,IN00009,,,
RDC01204,IN00057,,,
RDC01205,IN00038,,,
RDC01205,IN00007,,,
RDC01205,IN00024,,,
RDC01205,IN00009,,,
RDC01205,IN00057,,,
RDC01206,IN00038,,,
RDC01206,IN00007,,,
RDC01206,IN00024,,,
RDC01206,IN00009,,,
RDC01206,IN00057,,,
RDC01207,IN00038,,,
RDC01207,IN00007,,,
RDC01207,IN00024,,,
RDC01207,IN00009,,,
RDC01207,IN00057,,,
RDC01208,IN00038,,,
RDC01208,IN00007,,,
RDC01208,IN00024,,,
RDC01208,IN00009,,,
RDC01208,IN00057,,,
RDC01209,IN00038,,,
RDC01209,IN00007,,,
RDC01209,IN00024,,,
RDC01209,IN00009,,,
RDC01209,IN00057,,,
RDC01210,IN00038,,,
RDC01210,IN00007,,,
RDC01210,IN00024,,,
RDC01210,IN00009,,,
RDC01210,IN00057,,,
RDC01211,IN00038,,,
RDC01211,IN00007,,,
RDC01211,IN00024,,,
RDC01211,IN00009,,,
RDC01211,IN00057,,,
RDC01212,IN00056,,,
RDC01213,IN00012,,,
RDC01214,IN00012,,,
RDC01215,IN00056,,,
RDC01216,IN00056,,,
RDC01224,IN00041,,,
RDC01225,IN00041,,,
RDC01268,IN00041,,,
RDC01314,IN00041,,,
RDC01317,IN00041,,,
RDC01318,IN00041,,,
RDC01319,IN00041,,,
RDC01320,IN00041,,,
RDC01321,IN00041,,,
RDC01322,IN00041,,,
RDC01333,IN00041,,,
RDC01335,IN00041,,,
RDC01336,IN00041,,,
RDC01345,IN00041,,,
RDC01346,IN00041,,,
RDC01347,IN00041,,,
RDC01348,IN00041,,,
RDC01349,IN00041,,,
RDC01350,IN00041,,,
RDC01351,IN00041,,,
RDC01352,IN00041,,,
RDC01353,IN00041,,,
RDC01354,IN00041,,,
RDC01357,IN00041,,,
RDC01358,IN00041,,,
RDC01359,IN00041,,,
RDC01370,IN00041,,,
RDC01371,IN00041,,,
RDC01372,IN00041,,,
RDC01404,IN00041,,,
RDC01405,IN00041,,,
RDC01406,IN00041,,,
RDC01407,IN00041,,,
RDC01373,IN00041,,,
RDC01414,IN00041,,,
RDC01418,IN00041,,,
RDC01419,IN00041,,,
RDC01421,IN00041,,,
RDC01422,IN00041,,,
RDC01423,IN00041,,,
RDC01424,IN00041,,,
RDC01425,IN00041,,,
RDC01426,IN00041,,,
RDC01433,IN00041,,,
RDC01435,IN00041,,,
RDC01436,IN00041,,,
RDC01437,IN00041,,,
RDC01438,IN00041,,,
RDC01439,IN00038,,,
RDC01440,IN00041,,,
RDC01441,IN00041,,,
RDC01442,IN00041,,,
RDC01446,IN00041,,,
RDC01447,IN00041,,,
RDC01448,IN00041,,,
RDC01504,IN00041,,,
RDC01505,IN00041,,,
RDC01506,IN00041,,,
RDC01507,IN00041,,,
RDC01508,IN00041,,,
RDC01509,IN00041,,,
RDC01510,IN00041,,,
RDC01511,IN00041,,,
RDC01512,IN00041,,,
RDC01513,IN00041,,,
RDC01514,IN00041,,,
RDC01515,IN00041,,,
RDC01516,IN00041,,,
RDC01517,IN00041,,,
RDC01564,IN00041,,,
RDC01565,IN00041,,,
RDC01518,IN00041,,,
RDC01520,IN00041,,,
RDC01521,IN00041,,,
RDC01522,IN00041,,,
RDC01524,IN00041,,,
RDC01525,IN00041,,,
RDC01526,IN00041,,,
RDC01527,IN00041,,,
RDC01528,IN00041,,,
RDC01529,IN00041,,,
RDC01531,IN00041,,,
RDC01499,IN00041,,,
RDC01532,IN00041,,,
RDC01533,IN00041,,,
RDC01534,IN00041,,,
RDC01537,IN00041,,,
RDC01538,IN00041,,,
RDC01540,IN00041,,,
RDC01541,IN00041,,,
RDC01543,IN00041,,,
RDC01544,IN00041,,,
RDC01545,IN00041,,,
RDC01546,IN00041,,,
RDC01547,IN00041,,,
RDC01548,IN00041,,,
RDC01549,IN00041,,,
RDC01550,IN00041,,,
RDC01552,IN00041,,,
RDC01553,IN00041,,,
RDC01554,IN00041,,,
RDC01555,IN00041,,,
RDC01556,IN00041,,,
RDC01557,IN00041,,,
RDC01558,IN00041,,,
RDC01409,IN00041,,,
RDC01625,IN00007,,,
RDC01626,IN00007,,,
RDC01639,IN00038,,,
RDC01640,IN00007,,,
RDC01641,IN00007,,,
RDC01644,IN00007,,,
RDC01657,IN00007,,,
RDC01660,IN00007,,,
RDC02142,IN00041,,,
RDC02143,IN00041,,,
RDC02144,IN00041,,,
RDC02286,IN00047,,,
RDC02287,IN00047,,,
RDC02288,IN00041,,,
RDC02261,IN00011,,,
RDC02261,IN00007,,,
RDC02263,IN00038,,,
RDC02282,IN00057,,,
RDC02283,IN00057,,,
RDC02316,IN00109,,,
RDC02329,IN00109,,,
RDC02332,IN00109,,,
RDC02408,IN00065,,,
RDC02433,IN00041,,,
RDC02619,IN00038,,,
RDC02627,IN00108,,,
RDC02815,IN00107,,,
RDC02816,IN00049,,,
RDC02823,IN00038,,,
RDC02702,IN00106,,,
RDC02703,IN00106,,,
RDC00606,IN00025,,,
RDC00609,IN00025,,,
