drug_id,reference_id,note,created_at,updated_at
RDC00751,RE00751,,,
RDC00752,RE00751,,,
RDC00754,RE00753,,,
RDC00755,RE00754,,,
RDC00756,RE00754,,,
RDC00757,RE00754,,,
RDC00758,RE00754,,,
RDC00759,RE00755,,,
RDC00760,RE00756,,,
RDC00761,RE00756,,,
RDC00762,RE00756,,,
RDC00763,RE00756,,,
RDC00764,RE00756,,,
RDC00765,RE00757,,,
RDC00766,RE00757,,,
RDC00767,RE00757,,,
RDC00768,RE00757,,,
RDC00769,RE00758,,,
RDC00770,RE00758,,,
RDC00388,RE01485,,,
RDC00030,RE001452,,,
RDC00031,RE001453,,,
RDC00033,RE001454,,,
RDC00034,RE001455,,,
RDC00037,RE001456,,,
RDC00038,RE001457,,,
RDC00044,RE001458,,,
RDC00045,RE001459,,,
RDC00046,RE001460,,,
RDC00049,RE001461,,,
RDC00053,RE001463,,,
RDC00057,RE001465,,,
RDC00058,RE001466,,,
RDC00066,RE001467,,,
RDC00067,RE001468,,,
RDC00069,RE001469,,,
RDC00070,RE001470,,,
RDC00072,RE001471,,,
RDC00076,RE001472,,,
RDC00083,RE001473,,,
RDC00084,RE001474,,,
RDC00085,RE001475,,,
RDC00087,RE001477,,,
RDC00180,RE01594,,,
RDC00093,RE01367,,,
RDC00094,RE01368,,,
RDC00095,RE01368,,,
RDC00096,RE01369,,,
RDC00097,RE01369,,,
RDC00098,RE01370,,,
RDC00099,RE01370,,,
RDC00872,RE01371,,,
RDC00873,RE01371,,,
RDC00874,RE01371,,,
RDC00875,RE01372,,,
RDC00876,RE01372,,,
RDC00877,RE01372,,,
RDC00878,RE01372,,,
RDC00879,RE01372,,,
RDC00880,RE01373,,,
RDC00881,RE01374,,,
RDC00882,RE01374,,,
RDC00883,RE01374,,,
RDC00884,RE01374,,,
RDC00885,RE01374,,,
RDC00886,RE01375,,,
RDC00887,RE01375,,,
RDC00888,RE01375,,,
RDC00889,RE01375,,,
RDC00890,RE01375,,,
RDC00891,RE01375,,,
RDC00892,RE01375,,,
RDC00893,RE01375,,,
RDC00894,RE01375,,,
RDC00895,RE01376,,,
RDC00896,RE01376,,,
RDC00897,RE01377,,,
RDC00898,RE01378,,,
RDC00899,RE01378,,,
RDC00900,RE01378,,,
RDC00901,RE01378,,,
RDC00902,RE01378,,,
RDC00903,RE01379,,,
RDC00904,RE01380,,,
RDC00905,RE01380,,,
RDC00906,RE01380,,,
RDC00908,RE01381,,,
RDC00909,RE01382,,,
RDC00910,RE01383,,,
RDC00911,RE01384,,,
RDC00912,RE01384,,,
RDC00913,RE01384,,,
RDC00914,RE01385,,,
RDC00915,RE01385,,,
RDC00916,RE01386,,,
RDC00917,RE01386,,,
RDC00918,RE01387,,,
RDC00919,RE01388,,,
RDC00920,RE01389,,,
RDC01195,RE01390,,,
RDC00925,RE01394,,,
RDC00927,RE01396,,,
RDC00928,RE01397,,,
RDC00929,RE01397,,,
RDC00934,RE01400,,,
RDC00935,RE01401,,,
RDC00936,RE01402,,,
RDC00937,RE01402,,,
RDC00938,RE01403,,,
RDC00941,RE01405,,,
RDC00942,RE01406,,,
RDC00943,RE01407,,,
RDC00944,RE01408,,,
RDC00945,RE01408,,,
RDC00946,RE01409,,,
RDC00948,RE01411,,,
RDC00949,RE01411,,,
RDC00950,RE01411,,,
RDC00951,RE01412,,,
RDC00952,RE01413,,,
RDC00953,RE01413,,,
RDC00954,RE01413,,,
RDC00955,RE01413,,,
RDC00956,RE01413,,,
RDC00957,RE01413,,,
RDC00958,RE01413,,,
RDC00959,RE01413,,,
RDC00960,RE01413,,,
RDC00961,RE01414,,,
RDC00962,RE01414,,,
RDC00963,RE01415,,,
RDC00964,RE01415,,,
RDC00965,RE01415,,,
RDC00966,RE01415,,,
RDC00967,RE01415,,,
RDC00969,RE01417,,,
RDC00970,RE01417,,,
RDC00971,RE01417,,,
RDC00972,RE01417,,,
RDC00973,RE01418,,,
RDC00976,RE01421,,,
RDC00977,RE01422,,,
RDC00978,RE01423,,,
RDC00980,RE01425,,,
RDC00981,,,,
RDC00984,RE01427,,,
RDC00986,RE01429,,,
RDC00988,RE01431,,,
RDC00989,RE01431,,,
RDC00990,RE01432,,,
RDC00991,RE01432,,,
RDC00992,RE01432,,,
RDC00993,RE01433,,,
RDC00995,RE01435,,,
RDC00998,RE01438,,,
RDC00999,RE01439,,,
RDC01014,RE01440,,,
RDC01031,RE01443,,,
RDC01040,RE01444,,,
RDC02554,RE01444,,,
RDC02559,RE01446,,,
RDC01070,RE01447,,,
RDC01084,RE01448,,,
RDC01088,RE01449,,,
RDC00479,RE01450,,,
RDC01150,RE01451,,,
RDC01177,RE01451,,,
RDC00100,RE00100,,,
RDC00101,RE00101,,,
RDC00102,RE00102,,,
RDC00103,RE00102,,,
RDC00104,RE00102,,,
RDC00105,RE00102,,,
RDC00106,RE00103,,,
RDC00107,RE00103,,,
RDC00110,RE00103,,,
RDC00111,RE00104,,,
RDC00112,RE00104,,,
RDC00113,RE00104,,,
RDC00114,RE00104,,,
RDC00115,RE00105,,,
RDC00116,RE00105,,,
RDC00117,RE00106,,,
RDC00118,RE00106,,,
RDC00119,RE00107,,,
RDC00120,RE00108,,,
RDC00121,RE00108,,,
RDC00122,RE00109,,,
RDC00123,RE00110,,,
RDC00124,RE00111,,,
RDC00127,RE00112,,,
RDC00128,RE00112,,,
RDC00129,RE00113,,,
RDC00130,RE00114,,,
RDC00131,RE00115,,,
RDC00132,RE00116,,,
RDC00133,RE00117,,,
RDC00134,RE00118,,,
RDC00135,RE00119,,,
RDC00136,RE00119,,,
RDC00137,RE00120,,,
RDC00138,RE00120,,,
RDC00139,RE00121,,,
RDC00140,RE00121,,,
RDC00142,RE00121,,,
RDC00144,RE00122,,,
RDC00147,RE00123,,,
RDC00148,RE00123,,,
RDC00149,RE00124,,,
RDC00150,RE00124,,,
RDC00151,RE00124,,,
RDC00152,RE00125,,,
RDC00153,RE00125,,,
RDC00154,RE00125,,,
RDC00155,RE00126,,,
RDC00156,RE00127,,,
RDC00157,RE00127,,,
RDC00158,RE00128,,,
RDC00159,RE00128,,,
RDC00160,RE00129,,,
RDC00129,RE00130,,,
RDC00161,RE00131,,,
RDC00144,RE00132,,,
RDC00162,RE00133,,,
RDC00163,RE00133,,,
RDC00164,RE00134,,,
RDC00165,RE00134,,,
RDC00166,RE00135,,,
RDC00167,RE00135,,,
RDC00168,RE00136,,,
RDC00169,RE00136,,,
RDC00173,RE00140,,,
RDC00174,RE00141,,,
RDC00175,RE00141,,,
RDC00176,RE00142,,,
RDC00177,RE00143,,,
RDC00179,RE00144,,,
RDC00179,RE00145,,,
RDC00181,RE00146,,,
RDC00182,RE00146,,,
RDC00183,RE00147,,,
RDC00184,RE00147,,,
RDC00185,RE00148,,,
RDC00186,RE00149,,,
RDC00187,RE00149,,,
RDC00188,RE00149,,,
RDC00189,RE00149,,,
RDC00191,RE00151,,,
RDC00192,RE00152,,,
RDC00193,RE00152,,,
RDC00194,RE00153,,,
RDC00195,RE00154,,,
RDC00196,RE00154,,,
RDC00197,RE00155,,,
RDC00111,RE00155,,,
RDC00198,RE00156,,,
RDC00199,RE00156,,,
RDC00200,RE00157,,,
RDC00201,RE00158,,,
RDC00202,RE00158,,,
RDC00204,RE00160,,,
RDC00205,RE00160,,,
RDC00206,RE00160,,,
RDC00207,RE00161,,,
RDC00208,RE00161,,,
RDC00209,RE00161,,,
RDC00210,RE00162,,,
RDC00211,RE00163,,,
RDC00212,RE00164,,,
RDC00213,RE00164,,,
RDC00214,RE00164,,,
RDC00215,RE00164,,,
RDC00216,RE00165,,,
RDC00221,RE00167,,,
RDC00222,RE00167,,,
RDC00223,RE00167,,,
RDC00229,RE00171,,,
RDC00230,RE00171,,,
RDC00231,RE00172,,,
RDC00232,RE00172,,,
RDC00233,RE00172,,,
RDC00234,RE00172,,,
RDC00235,RE00172,,,
RDC00236,RE00173,,,
RDC00237,RE00173,,,
RDC00238,RE00174,,,
RDC00239,RE00174,,,
RDC00240,RE00175,,,
RDC00241,RE00176,,,
RDC00242,RE00176,,,
RDC00244,RE00178,,,
RDC00245,RE00178,,,
RDC00100,RE00179,,,
RDC00247,RE00180,,,
RDC00248,RE00181,,,
RDC00249,RE00181,,,
RDC00250,RE00181,,,
RDC00251,RE00182,,,
RDC00252,RE00183,,,
RDC00253,RE00183,,,
RDC00254,RE00184,,,
RDC00255,RE00184,,,
RDC00256,RE00185,,,
RDC00260,RE00192,,,
RDC00261,RE00192,,,
RDC00263,RE00193,,,
RDC00264,RE00193,,,
RDC00265,RE00194,,,
RDC00266,RE00195,,,
RDC00274,RE00197,,,
RDC00277,RE00199,,,
RDC00278,RE00200,,,
RDC00285,RE00203,,,
RDC00286,RE00204,,,
RDC00288,RE00206,,,
RDC00290,RE00207,,,
RDC00291,RE00207,,,
RDC00292,RE00207,,,
RDC00294,RE00208,,,
RDC00295,RE00209,,,
RDC00296,RE00210,,,
RDC00297,RE00211,,,
RDC00298,RE00212,,,
RDC00300,RE00213,,,
RDC00302,RE00214,,,
RDC00303,RE00214,,,
RDC00304,RE00215,,,
RDC00307,RE00216,,,
RDC00308,RE00216,,,
RDC00310,RE00218,,,
RDC00311,RE00219,,,
RDC00313,RE00221,,,
RDC00314,RE00222,,,
RDC00315,RE00223,,,
RDC00316,RE00223,,,
RDC00317,RE00223,,,
RDC00318,RE00224,,,
RDC00319,RE00224,,,
RDC00327,RE00225,,,
RDC00328,RE00226,,,
RDC00329,RE00227,,,
RDC00330,RE00227,,,
RDC00331,RE00228,,,
RDC00332,RE00228,,,
RDC00333,RE00229,,,
RDC00334,RE00229,,,
RDC00335,RE00230,,,
RDC00336,RE00231,,,
RDC00337,RE00232,,,
RDC00338,RE00233,,,
RDC00339,RE00234,,,
RDC00341,RE00235,,,
RDC00131,RE00236,,,
RDC00309,RE00237,,,
RDC00312,RE00238,,,
RDC00327,RE00239,,,
RDC00328,RE00240,,,
RDC00330,RE00241,,,
RDC00329,RE00241,,,
RDC00351,RE00242,,,
RDC00139,RE00243,,,
RDC00336,RE00244,,,
RDC00337,RE00245,,,
RDC00338,RE00246,,,
RDC00340,RE00247,,,
RDC00342,RE00248,,,
RDC00343,RE00248,,,
RDC00341,RE00248,,,
RDC00348,RE00249,,,
RDC00349,RE00250,,,
RDC00350,RE00251,,,
RDC00351,RE00252,,,
RDC00353,RE00253,,,
RDC00357,RE00254,,,
RDC00358,RE00255,,,
RDC00359,RE00255,,,
RDC00369,RE00256,,,
RDC00371,RE00256,,,
RDC00372,RE00257,,,
RDC00374,RE00258,,,
RDC00376,RE00259,,,
RDC00377,RE00259,,,
RDC00378,RE00260,,,
RDC00379,RE00260,,,
RDC00380,RE00260,,,
RDC00381,RE00260,,,
RDC00382,RE00261,,,
RDC00383,RE00262,,,
RDC00384,RE00262,,,
RDC00385,RE00263,,,
RDC00386,RE00264,,,
RDC00387,RE00265,,,
RDC00389,RE00267,,,
RDC00390,RE00267,,,
RDC00391,RE00268,,,
RDC00392,RE00268,,,
RDC00394,RE00269,,,
RDC00397,RE00269,,,
RDC00398,RE00270,,,
RDC00399,RE00270,,,
RDC00402,RE00271,,,
RDC00403,RE00272,,,
RDC00406,RE00273,,,
RDC00407,RE00274,,,
RDC00408,RE00274,,,
RDC00409,RE00274,,,
RDC00410,RE00274,,,
RDC00411,RE00275,,,
RDC00412,RE00275,,,
RDC00413,RE00275,,,
RDC00416,RE00276,,,
RDC00417,RE00276,,,
RDC00419,RE00277,,,
RDC00336,RE00278,,,
RDC00423,RE00279,,,
RDC00424,RE00279,,,
RDC00425,RE00279,,,
RDC00426,RE00280,,,
RDC00427,RE00281,,,
RDC00185,RE00282,,,
RDC00431,RE00282,,,
RDC00435,RE00283,,,
RDC00437,RE00284,,,
RDC00438,RE00285,,,
RDC00439,RE00286,,,
RDC00440,RE00287,,,
RDC00443,RE00288,,,
RDC00444,RE00289,,,
RDC00445,RE00290,,,
RDC00447,RE00291,,,
RDC00448,RE00292,,,
RDC00449,RE00292,,,
RDC00116,RE00293,,,
RDC00451,RE00294,,,
RDC00370,RE00295,,,
RDC00445,RE00296,,,
RDC00453,RE00296,,,
RDC00455,RE00297,,,
RDC00448,RE00297,,,
RDC00458,RE00298,,,
RDC00456,RE00298,,,
RDC00457,RE00298,,,
RDC00461,RE00299,,,
RDC00462,RE00300,,,
RDC00467,RE00301,,,
RDC00469,RE00302,,,
RDC00468,RE00302,,,
RDC00480,RE00303,,,
RDC00483,RE00304,,,
RDC00487,RE00305,,,
RDC00486,RE00305,,,
RDC00488,RE00306,,,
RDC00489,RE00307,,,
RDC00490,RE00308,,,
RDC00494,RE00309,,,
RDC00495,RE00310,,,
RDC00497,RE00310,,,
RDC00500,RE00311,,,
RDC00451,RE00311,,,
RDC00116,RE00312,,,
RDC00501,RE00312,,,
RDC00327,RE00313,,,
RDC00504,RE00314,,,
RDC00510,RE00315,,,
RDC00511,RE00316,,,
RDC00512,RE00317,,,
RDC00513,RE00318,,,
RDC00514,RE00318,,,
RDC00515,RE00319,,,
RDC00516,RE00319,,,
RDC00517,RE00320,,,
RDC00513,RE00321,,,
RDC00518,RE00322,,,
RDC00519,RE00322,,,
RDC00520,RE00323,,,
RDC00514,RE00324,,,
RDC00521,RE00324,,,
RDC00522,RE00325,,,
RDC00522,RE00326,,,
RDC00523,RE00327,,,
RDC00524,RE00328,,,
RDC00525,RE00328,,,
RDC00528,RE00329,,,
RDC00529,RE00330,,,
RDC00530,RE00331,,,
RDC00531,RE00332,,,
RDC00531,RE00333,,,
RDC00524,RE00334,,,
RDC00533,RE00335,,,
RDC00534,RE00336,,,
RDC00535,RE00337,,,
RDC00526,RE00338,,,
RDC00536,RE00339,,,
RDC00537,RE00340,,,
RDC00538,RE00341,,,
RDC00539,RE00341,,,
RDC00540,RE00342,,,
RDC00542,RE00343,,,
RDC00543,RE00344,,,
RDC00543,RE00345,,,
RDC00544,RE00346,,,
RDC00545,RE00347,,,
RDC00546,RE00348,,,
RDC00547,RE00349,,,
RDC00548,RE00350,,,
RDC00549,RE00351,,,
RDC00551,RE00352,,,
RDC00551,RE00353,,,
RDC00551,RE00354,,,
RDC00552,RE00355,,,
RDC00553,RE00356,,,
RDC00554,RE00357,,,
RDC00555,RE00358,,,
RDC00556,RE00359,,,
RDC00557,RE00360,,,
RDC00558,RE00361,,,
RDC00559,RE00362,,,
RDC00563,RE00363,,,
RDC00564,RE00364,,,
RDC00566,RE00365,,,
RDC00567,RE00365,,,
RDC00569,RE00366,,,
RDC00570,RE00367,,,
RDC00571,RE00367,,,
RDC00572,RE00368,,,
RDC00573,RE00369,,,
RDC00574,RE00370,,,
RDC00575,RE00371,,,
RDC00576,RE00372,,,
RDC00577,RE00373,,,
RDC00578,RE00374,,,
RDC00579,RE00375,,,
RDC00580,RE00376,,,
RDC00581,RE00377,,,
RDC00582,RE00378,,,
RDC00583,RE00379,,,
RDC00584,RE00380,,,
RDC00585,RE00381,,,
RDC00586,RE00382,,,
RDC00605,RE00383,,,
RDC00611,RE00384,,,
RDC00612,RE00384,,,
RDC00613,RE00385,,,
RDC00622,RE00386,,,
RDC00623,RE00387,,,
RDC00624,RE00387,,,
RDC00625,RE00387,,,
RDC00626,RE00388,,,
RDC00627,RE00388,,,
RDC00628,RE00389,,,
RDC00629,RE00390,,,
RDC00611,RE00390,,,
RDC00631,RE00390,,,
RDC00632,RE00390,,,
RDC00633,RE00390,,,
RDC00609,RE00391,,,
RDC00637,RE00392,,,
RDC00639,RE00393,,,
RDC00642,RE00394,,,
RDC00643,RE00394,,,
RDC00670,RE00395,,,
RDC00625,RE00396,,,
RDC00646,RE00397,,,
RDC00686,RE00398,,,
RDC00606,RE00398,,,
RDC00650,RE00399,,,
RDC00633,RE00399,,,
RDC00652,RE00399,,,
RDC00653,RE00399,,,
RDC00606,RE00400,,,
RDC00654,RE00401,,,
RDC00655,RE00402,,,
RDC00656,RE00403,,,
RDC00657,RE00404,,,
RDC00658,RE00405,,,
RDC00659,RE00406,,,
RDC00631,RE00406,,,
RDC00661,RE00407,,,
RDC00662,RE00408,,,
RDC00663,RE00408,,,
RDC00666,RE00409,,,
RDC00667,RE00410,,,
RDC00669,RE00411,,,
RDC00670,RE00412,,,
RDC00671,RE00413,,,
RDC00673,RE00414,,,
RDC00674,RE00415,,,
RDC00607,RE00416,,,
RDC00641,RE00417,,,
RDC00676,RE00418,,,
RDC00646,RE00419,,,
RDC00679,RE00420,,,
RDC00680,RE00421,,,
RDC00681,RE00421,,,
RDC00682,RE00421,,,
RDC00683,RE00421,,,
RDC00684,RE00422,,,
RDC00685,RE00422,,,
RDC00686,RE00423,,,
RDC00687,RE00424,,,
RDC00689,RE00425,,,
RDC00691,RE00426,,,
RDC00692,RE00427,,,
RDC00631,RE00427,,,
RDC00686,RE00429,,,
RDC00696,RE00430,,,
RDC00607,RE00431,,,
RDC00608,RE00432,,,
RDC00698,RE00433,,,
RDC00699,RE00434,,,
RDC00700,RE00435,,,
RDC00701,RE00435,,,
RDC00702,RE00435,,,
RDC00703,RE00436,,,
RDC00704,RE00436,,,
RDC00705,RE00437,,,
RDC00706,RE00438,,,
RDC00707,RE00439,,,
RDC00708,RE00439,,,
RDC00709,RE00439,,,
RDC00710,RE00439,,,
RDC00711,RE00440,,,
RDC00713,RE00441,,,
RDC00713,RE00442,,,
RDC00715,RE00443,,,
RDC00716,RE00443,,,
RDC00717,RE00443,,,
RDC00718,RE00443,,,
RDC00719,RE00443,,,
RDC00720,RE00443,,,
RDC00721,RE00444,,,
RDC00722,RE00445,,,
RDC00723,RE00446,,,
RDC00724,RE00447,,,
RDC00725,RE00447,,,
RDC00726,RE00447,,,
RDC00727,RE00447,,,
RDC00728,RE00448,,,
RDC00729,RE00449,,,
RDC00672,RE00450,,,
RDC00730,RE00451,,,
RDC00731,RE00452,,,
RDC00732,RE00452,,,
RDC00733,RE00452,,,
RDC00734,RE00453,,,
RDC00735,RE00454,,,
RDC00736,RE00455,,,
RDC00737,RE00456,,,
RDC00738,RE00456,,,
RDC00739,RE00457,,,
RDC00740,RE00458,,,
RDC00741,RE00459,,,
RDC00713,RE00460,,,
RDC00743,RE00461,,,
RDC00744,RE00462,,,
RDC00745,RE00462,,,
RDC00746,RE00463,,,
RDC00777,RE00464,,,
RDC00778,RE00464,,,
RDC00779,RE00464,,,
RDC00780,RE00464,,,
RDC00781,RE00465,,,
RDC00782,RE00466,,,
RDC00783,RE00466,,,
RDC00784,RE00467,,,
RDC00785,RE00468,,,
RDC00786,RE00468,,,
RDC00787,RE00469,,,
RDC00788,RE00469,,,
RDC00789,RE00469,,,
RDC00790,RE00470,,,
RDC00791,RE00470,,,
RDC00792,RE00471,,,
RDC00793,RE00471,,,
RDC00794,RE00471,,,
RDC00797,RE00472,,,
RDC00798,RE00473,,,
RDC00799,RE00474,,,
RDC00800,RE00475,,,
RDC00801,RE00476,,,
RDC00802,RE00476,,,
RDC00803,RE00476,,,
RDC00804,RE00476,,,
RDC00805,RE00477,,,
RDC00806,RE00477,,,
RDC00807,RE00478,,,
RDC00808,RE00478,,,
RDC00809,RE00478,,,
RDC00810,RE00478,,,
RDC00811,RE00478,,,
RDC00812,RE00478,,,
RDC00813,RE00478,,,
RDC00814,RE00479,,,
RDC00815,RE00479,,,
RDC00816,RE00480,,,
RDC00817,RE00480,,,
RDC00818,RE00480,,,
RDC00820,RE00481,,,
RDC00821,RE00482,,,
RDC00822,RE00482,,,
RDC00823,RE00483,,,
RDC00824,RE00484,,,
RDC00825,RE00485,,,
RDC00826,RE00486,,,
RDC00827,RE00486,,,
RDC00828,RE00487,,,
RDC00829,RE00488,,,
RDC00830,RE00489,,,
RDC00831,RE00489,,,
RDC00832,RE00490,,,
RDC00833,RE00490,,,
RDC00834,RE00490,,,
RDC00836,RE00491,,,
RDC00837,RE00491,,,
RDC00838,RE00492,,,
RDC00839,RE00492,,,
RDC00840,RE00492,,,
RDC00841,RE00493,,,
RDC00842,RE00494,,,
RDC00843,RE00495,,,
RDC00844,RE00495,,,
RDC00845,RE00495,,,
RDC00823,RE00496,,,
RDC00841,RE00496,,,
RDC00846,RE00497,,,
RDC00847,RE00497,,,
RDC00848,RE00497,,,
RDC00849,RE00497,,,
RDC00850,RE00498,,,
RDC00851,RE00498,,,
RDC00852,RE00499,,,
RDC00854,RE00500,,,
RDC00855,RE00501,,,
RDC00856,RE00502,,,
RDC00857,RE00502,,,
RDC00858,RE00503,,,
RDC00860,RE00504,,,
RDC00861,RE00504,,,
RDC00862,RE00505,,,
RDC00853,RE00506,,,
RDC00854,RE00506,,,
RDC00863,RE00506,,,
RDC00865,RE00506,,,
RDC00871,RE00507,,,
RDC00836,RE00507,,,
RDC00868,RE00507,,,
RDC00869,RE00507,,,
RDC00870,RE00507,,,
RDC01001,RE00508,,,
RDC01002,RE00509,,,
RDC01003,RE00509,,,
RDC01004,RE00510,,,
RDC01004,RE00511,,,
RDC01005,RE00512,,,
RDC01006,RE00513,,,
RDC01007,RE00514,,,
RDC01008,RE00514,,,
RDC01009,RE00515,,,
RDC01010,RE00515,,,
RDC01011,RE00515,,,
RDC01012,RE00516,,,
RDC01013,RE00516,,,
RDC01012,RE00517,,,
RDC01015,RE00518,,,
RDC01016,RE00519,,,
RDC01017,RE00520,,,
RDC01019,RE00521,,,
RDC01020,RE00522,,,
RDC01021,RE00522,,,
RDC01022,RE00523,,,
RDC01024,RE00524,,,
RDC01025,RE00524,,,
RDC01026,RE00525,,,
RDC01027,RE00526,,,
RDC01028,RE00527,,,
RDC01029,RE00528,,,
RDC01005,RE00529,,,
RDC01005,RE00530,,,
RDC01004,RE00531,,,
RDC01032,RE00532,,,
RDC01033,RE00533,,,
RDC01034,RE00534,,,
RDC01035,RE00534,,,
RDC01036,RE00535,,,
RDC01038,RE00536,,,
RDC01039,RE00536,,,
RDC01040,RE00537,,,
RDC01041,RE00537,,,
RDC01042,RE00537,,,
RDC01043,RE00538,,,
RDC01043,RE00539,,,
RDC01044,RE00540,,,
RDC01045,RE00541,,,
RDC01050,RE00542,,,
RDC01050,RE00543,,,
RDC01052,RE00544,,,
RDC01055,RE00545,,,
RDC01057,RE00546,,,
RDC01057,RE00547,,,
RDC01057,RE00548,,,
RDC01057,RE00549,,,
RDC01060,RE00550,,,
RDC01061,RE00551,,,
RDC01062,RE00552,,,
RDC01063,RE00553,,,
RDC01064,RE00554,,,
RDC01065,RE00555,,,
RDC01066,RE00555,,,
RDC01067,RE00556,,,
RDC01068,RE00556,,,
RDC01188,RE00557,,,
RDC01189,RE00558,,,
RDC01191,RE00559,,,
RDC01193,RE00560,,,
RDC01193,RE00561,,,
RDC01195,RE00562,,,
RDC01200,RE00563,,,
RDC01202,RE00564,,,
RDC01204,RE00565,,,
RDC01205,RE00565,,,
RDC01206,RE00565,,,
RDC01207,RE00566,,,
RDC01208,RE00566,,,
RDC01209,RE00566,,,
RDC01210,RE00566,,,
RDC01211,RE00566,,,
RDC01212,RE00567,,,
RDC01213,RE00568,,,
RDC01214,RE00569,,,
RDC01215,RE00570,,,
RDC01216,RE00570,,,
RDC01080,RE00571,,,
RDC01083,RE00572,,,
RDC01123,RE00573,,,
RDC01085,RE00574,,,
RDC01086,RE00574,,,
RDC01087,RE00574,,,
RDC01089,RE00575,,,
RDC01090,RE00575,,,
RDC01091,RE00575,,,
RDC01092,RE00575,,,
RDC01095,RE00576,,,
RDC01096,RE00576,,,
RDC01097,RE00577,,,
RDC01101,RE00578,,,
RDC01083,RE00578,,,
RDC01105,RE00579,,,
RDC01106,RE00580,,,
RDC01107,RE00581,,,
RDC01108,RE00581,,,
RDC01109,RE00582,,,
RDC01110,RE00582,,,
RDC01111,RE00583,,,
RDC01112,RE00584,,,
RDC01113,RE00585,,,
RDC01114,RE00585,,,
RDC01115,RE00585,,,
RDC01116,RE00585,,,
RDC01117,RE00586,,,
RDC01060,RE00587,,,
RDC01119,RE00588,,,
RDC01120,RE00588,,,
RDC01121,RE00589,,,
RDC01122,RE00589,,,
RDC01123,RE00590,,,
RDC01112,RE00591,,,
RDC01113,RE00591,,,
RDC01125,RE00592,,,
RDC01126,RE00592,,,
RDC01129,RE00594,,,
RDC01130,RE00594,,,
RDC01133,RE00595,,,
RDC01135,RE00597,,,
RDC01134,RE00598,,,
RDC01128,RE00599,,,
RDC01128,RE00600,,,
RDC01136,RE00601,,,
RDC01137,RE00601,,,
RDC01138,RE00602,,,
RDC01139,RE00602,,,
RDC01140,RE00602,,,
RDC01141,RE00602,,,
RDC01142,RE00603,,,
RDC01143,RE00603,,,
RDC01144,RE00603,,,
RDC01145,RE00603,,,
RDC01146,RE00604,,,
RDC01112,RE00605,,,
RDC01147,RE00606,,,
RDC01148,RE00607,,,
RDC01149,RE00607,,,
RDC01151,RE00608,,,
RDC01152,RE00608,,,
RDC01153,RE00609,,,
RDC01154,RE00610,,,
RDC01154,RE00611,,,
RDC01154,RE00612,,,
RDC01155,RE00613,,,
RDC01156,RE00614,,,
RDC01158,RE00615,,,
RDC01159,RE00615,,,
RDC01160,RE00615,,,
RDC01161,RE00616,,,
RDC01162,RE00616,,,
RDC01163,RE00617,,,
RDC01164,RE00617,,,
RDC01165,RE00618,,,
RDC01166,RE00619,,,
RDC01167,RE00619,,,
RDC01168,RE00620,,,
RDC01169,RE00620,,,
RDC01170,RE00620,,,
RDC01171,RE00620,,,
RDC01172,RE00621,,,
RDC01173,RE00622,,,
RDC01174,RE00623,,,
RDC01179,RE00624,,,
RDC01180,RE00624,,,
RDC01181,RE00625,,,
RDC01182,RE00626,,,
RDC01183,RE00627,,,
RDC01184,RE00628,,,
RDC01185,RE00629,,,
RDC01186,RE00630,,,
RDC01187,RE00631,,,
RDC01082,RE00632,,,
RDC01221,RE00633,,,
RDC00009,RE00634,,,
RDC01223,RE00635,,,
RDC01224,RE00635,,,
RDC01225,RE00635,,,
RDC01226,RE00636,,,
RDC01227,RE00636,,,
RDC01312,RE00637,,,
RDC01228,RE00637,,,
RDC00009,RE00638,,,
RDC01258,RE00639,,,
RDC01235,RE00640,,,
RDC01236,RE00640,,,
RDC01312,RE00641,,,
RDC01237,RE00642,,,
RDC01238,RE00643,,,
RDC01241,RE00644,,,
RDC01243,RE00645,,,
RDC01226,RE00646,,,
RDC01227,RE00646,,,
RDC01245,RE00647,,,
RDC01226,RE00648,,,
RDC01369,RE00649,,,
RDC01247,RE00650,,,
RDC01248,RE00650,,,
RDC01250,RE00650,,,
RDC01251,RE00651,,,
RDC01253,RE00652,,,
RDC01256,RE00653,,,
RDC01257,RE00653,,,
RDC01258,RE00653,,,
RDC01267,RE00654,,,
RDC01228,RE00654,,,
RDC01269,RE00654,,,
RDC01271,RE00655,,,
RDC01267,RE00656,,,
RDC01228,RE00656,,,
RDC01228,RE00657,,,
RDC01227,RE00657,,,
RDC01226,RE00657,,,
RDC01228,RE00658,,,
RDC01279,RE00659,,,
RDC01287,RE00661,,,
RDC01288,RE00661,,,
RDC01289,RE00662,,,
RDC01290,RE00662,,,
RDC01291,RE00663,,,
RDC01292,RE00663,,,
RDC01293,RE00663,,,
RDC01268,RE00664,,,
RDC01295,RE00664,,,
RDC01296,RE00664,,,
RDC01297,RE00664,,,
RDC01298,RE00664,,,
RDC01228,RE00665,,,
RDC01227,RE00665,,,
RDC01226,RE00665,,,
RDC001268,RE00666,,,
RDC01226,RE00667,,,
RDC01252,RE00668,,,
RDC01226,RE00669,,,
RDC01254,RE00670,,,
RDC01255,RE00670,,,
RDC01302,RE00671,,,
RDC01226,RE00672,,,
RDC01226,RE00673,,,
RDC01305,RE00673,,,
RDC01306,RE00674,,,
RDC01300,RE00675,,,
RDC01307,RE00675,,,
RDC01258,RE00676,,,
RDC01309,RE00677,,,
RDC01310,RE00677,,,
RDC01311,RE00677,,,
RDC01313,RE00677,,,
RDC01314,RE00678,,,
RDC01566,RE00679,,,
RDC01315,RE00680,,,
RDC01316,RE00680,,,
RDC01317,RE00681,,,
RDC01318,RE00681,,,
RDC01319,RE00681,,,
RDC01320,RE00681,,,
RDC01321,RE00681,,,
RDC01322,RE00681,,,
RDC01324,RE00682,,,
RDC01325,RE00683,,,
RDC01326,RE00683,,,
RDC00914,RE00684,,,
RDC01328,RE00684,,,
RDC01329,RE00685,,,
RDC01330,RE00685,,,
RDC01333,RE00686,,,
RDC01334,RE00686,,,
RDC01335,RE00686,,,
RDC01336,RE00686,,,
RDC01337,RE00687,,,
RDC01338,RE00687,,,
RDC01339,RE00687,,,
RDC01340,RE00688,,,
RDC01341,RE00689,,,
RDC01342,RE00689,,,
RDC01343,RE00690,,,
RDC01344,RE00690,,,
RDC01345,RE00690,,,
RDC01346,RE00690,,,
RDC01347,RE00691,,,
RDC01348,RE00691,,,
RDC01349,RE00691,,,
RDC01350,RE00691,,,
RDC01351,RE00691,,,
RDC01352,RE00691,,,
RDC01353,RE00691,,,
RDC01354,RE00691,,,
RDC01355,RE00691,,,
RDC01356,RE00692,,,
RDC01357,RE00692,,,
RDC01358,RE00692,,,
RDC01359,RE00692,,,
RDC01360,RE00692,,,
RDC01362,RE00693,,,
RDC0136+A1049:B10523,RE00694,,,
RDC01364,RE00694,,,
RDC01365,RE00694,,,
RDC01567,RE00694,,,
RDC01568,RE00695,,,
RDC01569,RE00696,,,
RDC01370,RE00697,,,
RDC01371,RE00697,,,
RDC01372,RE00698,,,
RDC01259,RE00699,,,
RDC01374,RE00700,,,
RDC01375,RE00701,,,
RDC01312,RE00702,,,
RDC01237,RE00703,,,
RDC01372,RE00704,,,
RDC01372,RE00705,,,
RDC01262,RE00706,,,
RDC01380,RE00707,,,
RDC01381,RE00708,,,
RDC01383,RE00709,,,
RDC01384,RE00709,,,
RDC01385,RE00710,,,
RDC01390,RE00711,,,
RDC01391,RE00712,,,
RDC01392,RE00713,,,
RDC01237,RE00714,,,
RDC01393,RE00715,,,
RDC01395,RE00716,,,
RDC01396,RE00717,,,
RDC01397,RE00718,,,
RDC01398,RE00718,,,
RDC01399,RE00719,,,
RDC01400,RE00719,,,
RDC01401,RE00720,,,
RDC01402,RE00720,,,
RDC01403,RE00720,,,
RDC01404,RE00721,,,
RDC01405,RE00722,,,
RDC01406,RE00723,,,
RDC01407,RE00723,,,
RDC01408,RE00724,,,
RDC01312,RE00725,,,
RDC01362,RE00726,,,
RDC01415,RE00727,,,
RDC01373,RE00727,,,
RDC01414,RE00727,,,
RDC01543,RE00728,,,
RDC01375,RE00729,,,
RDC01418,RE00729,,,
RDC01419,RE00730,,,
RDC01420,RE00730,,,
RDC01421,RE00730,,,
RDC01422,RE00730,,,
RDC01423,RE00730,,,
RDC01424,RE00730,,,
RDC01425,RE00730,,,
RDC01426,RE00730,,,
RDC01431,RE00731,,,
RDC01432,RE00732,,,
RDC01433,RE00733,,,
RDC01435,RE00734,,,
RDC01436,RE00734,,,
RDC01437,RE00734,,,
RDC01438,RE00734,,,
RDC01440,RE00735,,,
RDC01441,RE00735,,,
RDC01442,RE00736,,,
RDC01443,RE00736,,,
RDC01444,RE00737,,,
RDC01312,RE00737,,,
RDC01445,RE00738,,,
RDC01446,RE00738,,,
RDC01447,RE00739,,,
RDC01448,RE00740,,,
RDC01450,RE00741,,,
RDC01451,RE00741,,,
RDC01452,RE00742,,,
RDC01453,RE00743,,,
RDC01454,RE00743,,,
RDC01455,RE00743,,,
RDC01456,RE00743,,,
RDC01457,RE00743,,,
RDC01458,RE00743,,,
RDC01459,RE00744,,,
RDC01460,RE00744,,,
RDC01462,RE00745,,,
RDC01463,RE00745,,,
RDC01465,RE00747,,,
RDC01466,RE00747,,,
RDC01467,RE00747,,,
RDC01559,RE00748,,,
RDC01560,RE00748,,,
RDC01561,RE00748,,,
RDC01562,RE00748,,,
RDC01563,RE00748,,,
RDC01468,RE00749,,,
RDC01469,RE00750,,,
RDC01470,RE00751,,,
RDC01471,RE00751,,,
RDC01472,RE00752,,,
RDC01473,RE00753,,,
RDC01474,RE00753,,,
RDC01475,RE00753,,,
RDC00828,RE00753,,,
RDC01476,RE00754,,,
RDC01477,RE00754,,,
RDC01478,RE00755,,,
RDC01480,RE00756,,,
RDC01481,RE00757,,,
RDC01482,RE00758,,,
RDC01483,RE00758,,,
RDC01484,RE00758,,,
RDC01485,RE00758,,,
RDC01375,RE00759,,,
RDC01492,RE00762,,,
RDC01493,RE00762,,,
RDC01494,RE00762,,,
RDC01495,RE00762,,,
RDC01496,RE00762,,,
RDC01497,RE00763,,,
RDC01498,RE00764,,,
RDC01500,RE00765,,,
RDC01501,RE00765,,,
RDC01503,RE00766,,,
RDC01375,RE00767,,,
RDC01504,RE00768,,,
RDC01505,RE00769,,,
RDC01506,RE00769,,,
RDC01507,RE00769,,,
RDC01508,RE00769,,,
RDC01509,RE00769,,,
RDC01510,RE00769,,,
RDC01511,RE00770,,,
RDC01512,RE00771,,,
RDC01513,RE00771,,,
RDC01514,RE00771,,,
RDC01515,RE00771,,,
RDC01516,RE00771,,,
RDC01517,RE00771,,,
RDC01564,RE00772,,,
RDC01565,RE00772,,,
RDC01518,RE00773,,,
RDC01559,RE00774,,,
RDC01520,RE00774,,,
RDC01521,RE00774,,,
RDC01522,RE00774,,,
RDC01524,RE00774,,,
RDC01525,RE00774,,,
RDC01526,RE00774,,,
RDC01527,RE00774,,,
RDC01528,RE00774,,,
RDC01529,RE00774,,,
RDC01531,RE00775,,,
RDC01499,RE00776,,,
RDC01532,RE00776,,,
RDC01533,RE00777,,,
RDC01534,RE00778,,,
RDC01500,RE00779,,,
RDC01537,RE00781,,,
RDC01538,RE00782,,,
RDC01373,RE00782,,,
RDC01540,RE00782,,,
RDC01541,RE00783,,,
RDC01534,RE00784,,,
RDC01543,RE00785,,,
RDC01544,RE00786,,,
RDC01545,RE00787,,,
RDC01546,RE00788,,,
RDC01547,RE00789,,,
RDC01548,RE00789,,,
RDC01549,RE00789,,,
RDC01550,RE00789,,,
RDC00155,RE00789,,,
RDC01552,RE00789,,,
RDC01553,RE00789,,,
RDC01554,RE00789,,,
RDC01555,RE00789,,,
RDC01556,RE00789,,,
RDC01557,RE00789,,,
RDC01558,RE00789,,,
RDC01409,RE00790,,,
RDC01600,RE00791,,,
RDC01603,RE00792,,,
RDC01604,RE00793,,,
RDC01605,RE00794,,,
RDC01606,RE00795,,,
RDC01609,RE00797,,,
RDC01610,RE00798,,,
RDC01611,RE00799,,,
RDC01612,RE00800,,,
RDC01613,RE00801,,,
RDC01614,RE00802,,,
RDC01615,RE00803,,,
RDC01616,RE00804,,,
RDC01619,RE00805,,,
RDC01620,RE00806,,,
RDC01622,RE00807,,,
RDC01625,RE00809,,,
RDC01626,RE00809,,,
RDC01627,RE00810,,,
RDC01628,RE00811,,,
RDC01629,RE00812,,,
RDC01630,RE00812,,,
RDC01631,RE00813,,,
RDC01632,RE00814,,,
RDC01633,RE00815,,,
RDC01634,RE00816,,,
RDC01635,RE00817,,,
RDC01637,RE00819,,,
RDC01638,RE00820,,,
RDC01639,RE00821,,,
RDC01640,RE00821,,,
RDC01641,RE00821,,,
RDC01642,RE00822,,,
RDC01644,RE00823,,,
RDC01645,RE00824,,,
RDC01646,RE00824,,,
RDC01647,RE00825,,,
RDC01648,RE00826,,,
RDC01649,RE00827,,,
RDC01650,RE00828,,,
RDC01651,RE00829,,,
RDC01652,RE00830,,,
RDC01653,RE00831,,,
RDC01654,RE00832,,,
RDC01655,RE00833,,,
RDC01656,RE00834,,,
RDC01657,RE00835,,,
RDC01658,RE00836,,,
RDC01659,RE00837,,,
RDC01660,RE00838,,,
RDC01662,RE00839,,,
RDC01663,RE00840,,,
RDC01665,RE00841,,,
RDC01666,RE00841,,,
RDC01667,RE00841,,,
RDC01668,RE00842,,,
RDC01669,RE00842,,,
RDC01670,RE00842,,,
RDC01673,RE00843,,,
RDC01674,RE00843,,,
RDC01677,RE00844,,,
RDC01678,RE00845,,,
RDC01679,RE00845,,,
RDC01680,RE00845,,,
RDC01681,RE00845,,,
RDC01682,RE00845,,,
RDC01683,RE00845,,,
RDC01684,RE00845,,,
RDC01685,RE00845,,,
RDC01686,RE00846,,,
RDC01687,RE00846,,,
RDC01688,RE00846,,,
RDC01689,RE00846,,,
RDC01695,RE00847,,,
RDC01696,RE00847,,,
RDC01697,RE00848,,,
RDC01698,RE00848,,,
RDC01699,RE00849,,,
RDC01701,RE00850,,,
RDC01702,RE00851,,,
RDC01704,RE00852,,,
RDC01707,RE00853,,,
RDC01708,RE00853,,,
RDC01710,RE00854,,,
RDC01711,RE00855,,,
RDC01712,RE00856,,,
RDC01713,RE00856,,,
RDC01714,RE00857,,,
RDC01716,RE00858,,,
RDC01717,RE00858,,,
RDC01718,RE00859,,,
RDC01719,RE00859,,,
RDC01720,RE00860,,,
RDC01721,RE00861,,,
RDC01723,RE00862,,,
RDC01724,RE00863,,,
RDC01725,RE00863,,,
RDC01726,RE00864,,,
RDC01727,RE00865,,,
RDC01729,RE00866,,,
RDC01730,RE00866,,,
RDC01731,RE00866,,,
RDC01740,RE00867,,,
RDC01741,RE00868,,,
RDC01742,RE00869,,,
RDC01743,RE00869,,,
RDC01744,RE00869,,,
RDC01745,RE00869,,,
RDC01746,RE00870,,,
RDC01747,RE00871,,,
RDC01748,RE00872,,,
RDC01749,RE00873,,,
RDC01750,RE00873,,,
RDC01751,RE00873,,,
RDC01752,RE00874,,,
RDC01753,RE00875,,,
RDC01754,RE00875,,,
RDC01755,RE00876,,,
RDC01756,RE00877,,,
RDC01757,RE00878,,,
RDC01758,RE00879,,,
RDC01759,RE00880,,,
RDC01760,RE00881,,,
RDC01761,RE00882,,,
RDC01763,RE00883,,,
RDC01764,RE00884,,,
RDC01765,RE00884,,,
RDC01766,RE00885,,,
RDC01767,RE00885,,,
RDC01768,RE00886,,,
RDC01769,RE00886,,,
RDC01770,RE00886,,,
RDC01763,RE00887,,,
RDC01772,RE00887,,,
RDC01763,RE00888,,,
RDC01775,RE00889,,,
RDC01776,RE00890,,,
RDC01777,RE00891,,,
RDC01779,RE00892,,,
RDC01780,RE00892,,,
RDC01781,RE00892,,,
RDC01782,RE00893,,,
RDC01783,RE00893,,,
RDC01784,RE00893,,,
RDC01785,RE00894,,,
RDC01788,RE00895,,,
RDC01789,RE00895,,,
RDC01790,RE00896,,,
RDC01791,RE00897,,,
RDC01792,RE00897,,,
RDC01793,RE00897,,,
RDC01794,RE00897,,,
RDC01795,RE00898,,,
RDC01796,RE00898,,,
RDC01797,RE00899,,,
RDC01799,RE00900,,,
RDC01802,RE00901,,,
RDC01807,RE00902,,,
RDC01808,RE00902,,,
RDC01809,RE00902,,,
RDC01810,RE00902,,,
RDC01811,RE00903,,,
RDC01812,RE00904,,,
RDC01813,RE00905,,,
RDC01814,RE00905,,,
RDC01815,RE00905,,,
RDC01816,RE00905,,,
RDC01817,RE00905,,,
RDC01818,RE00906,,,
RDC01819,RE00906,,,
RDC01820,RE00907,,,
RDC01821,RE00907,,,
RDC01822,RE00908,,,
RDC01823,RE00909,,,
RDC01824,RE00909,,,
RDC01825,RE00910,,,
RDC01826,RE00911,,,
RDC01827,RE00911,,,
RDC01828,RE00912,,,
RDC01829,RE00912,,,
RDC01830,RE00912,,,
RDC01625,RE00913,,,
RDC01785,RE00914,,,
RDC01834,RE00915,,,
RDC01835,RE00916,,,
RDC01837,RE00917,,,
RDC01838,RE00918,,,
RDC01839,RE00919,,,
RDC01840,RE00920,,,
RDC01841,RE00921,,,
RDC01842,RE00922,,,
RDC01843,RE00922,,,
RDC01844,RE00923,,,
RDC01845,RE00923,,,
RDC01846,RE00923,,,
RDC01847,RE00923,,,
RDC01848,RE00924,,,
RDC01849,RE00924,,,
RDC01850,RE00925,,,
RDC01851,RE00925,,,
RDC01852,RE00926,,,
RDC01853,RE00927,,,
RDC01854,RE00928,,,
RDC01855,RE00929,,,
RDC01856,RE00930,,,
RDC01857,RE00931,,,
RDC01858,RE00932,,,
RDC01859,RE00933,,,
RDC01860,RE00933,,,
RDC01861,RE00934,,,
RDC01864,RE00935,,,
RDC01867,RE00937,,,
RDC01868,RE00938,,,
RDC01869,RE00939,,,
RDC01870,RE00940,,,
RDC01872,RE00941,,,
RDC01873,RE00942,,,
RDC01874,RE00943,,,
RDC01875,RE00944,,,
RDC01882,RE00945,,,
RDC01883,RE00946,,,
RDC01884,RE00947,,,
RDC01885,RE00947,,,
RDC01886,RE00947,,,
RDC01887,RE00948,,,
RDC01888,RE00948,,,
RDC01890,RE00949,,,
RDC01891,RE00950,,,
RDC01892,RE00951,,,
RDC01895,RE00952,,,
RDC01897,RE00952,,,
RDC01899,RE00953,,,
RDC01900,RE00953,,,
RDC01906,RE00954,,,
RDC01907,RE00955,,,
RDC01908,RE00955,,,
RDC01909,RE00955,,,
RDC01910,RE00956,,,
RDC01911,RE00956,,,
RDC01914,RE00957,,,
RDC01916,RE00958,,,
RDC01917,RE00959,,,
RDC01918,RE00959,,,
RDC01919,RE00960,,,
RDC01920,RE00960,,,
RDC01921,RE00962,,,
RDC01922,RE00963,,,
RDC01924,RE00964,,,
RDC01927,RE00965,,,
RDC01928,RE00965,,,
RDC01933,RE00966,,,
RDC01934,RE00967,,,
RDC01937,RE00968,,,
RDC01938,RE00969,,,
RDC01940,RE00970,,,
RDC01941,RE00971,,,
RDC01942,RE00971,,,
RDC01943,RE00972,,,
RDC01944,RE00973,,,
RDC01945,RE00974,,,
RDC01946,RE00974,,,
RDC01947,RE00975,,,
RDC01950,RE00976,,,
RDC01951,RE00977,,,
RDC01952,RE00978,,,
RDC01953,RE00978,,,
RDC01955,RE00979,,,
RDC01956,RE00980,,,
RDC01958,RE00981,,,
RDC01959,RE00982,,,
RDC01964,RE00983,,,
RDC01965,RE00983,,,
RDC01966,RE00983,,,
RDC01967,RE00984,,,
RDC01968,RE00984,,,
RDC01970,RE00985,,,
RDC01971,RE00986,,,
RDC01975,RE00987,,,
RDC01976,RE00988,,,
RDC01977,RE00988,,,
RDC01978,RE00989,,,
RDC01980,RE00990,,,
RDC01981,RE00990,,,
RDC01982,RE00991,,,
RDC01983,RE00991,,,
RDC02000,RE00992,,,
RDC02001,RE00992,,,
RDC02003,RE00993,,,
RDC01231,RE00994,,,
RDC02004,RE00995,,,
RDC02005,RE00995,,,
RDC02006,RE00996,,,
RDC02007,RE00996,,,
RDC02008,RE00997,,,
RDC02007,RE00997,,,
RDC02009,RE00998,,,
RDC02010,RE00998,,,
RDC02011,RE00999,,,
RDC02012,RE01000,,,
RDC02013,RE01000,,,
RDC02014,RE01001,,,
RDC02015,RE01002,,,
RDC02016,RE01003,,,
RDC02017,RE01004,,,
RDC02018,RE01005,,,
RDC02019,RE01006,,,
RDC02020,RE01007,,,
RDC02021,RE01007,,,
RDC02022,RE01008,,,
RDC02023,RE01009,,,
RDC02024,RE01010,,,
RDC02025,RE01011,,,
RDC02026,RE01011,,,
RDC02027,RE01011,,,
RDC02028,RE01011,,,
RDC01231,RE01011,,,
RDC02030,RE01012,,,
RDC02035,RE01013,,,
RDC02036,RE01013,,,
RDC02037,RE01013,,,
RDC02038,RE01014,,,
RDC02039,RE01015,,,
RDC02040,RE01015,,,
RDC02041,RE01016,,,
RDC02042,RE01017,,,
RDC02043,RE01018,,,
RDC02044,RE01019,,,
RDC02006,RE01020,,,
RDC02051,RE01021,,,
RDC02052,RE01022,,,
RDC02053,RE01022,,,
RDC02054,RE01022,,,
RDC02055,RE01022,,,
RDC02056,RE01023,,,
RDC02057,RE01023,,,
RDC02058,RE01023,,,
RDC02008,RE01023,,,
RDC02060,RE01024,,,
RDC02061,RE01024,,,
RDC02062,RE01025,,,
RDC02063,RE01025,,,
RDC02064,RE01025,,,
RDC02065,RE01025,,,
RDC02066,RE01025,,,
RDC02067,RE01025,,,
RDC02068,RE01025,,,
RDC02069,RE01026,,,
RDC02006,RE01027,,,
RDC02070,RE01028,,,
RDC02072,RE01029,,,
RDC02075,RE01030,,,
RDC02247,RE01031,,,
RDC02248,RE01031,,,
RDC02164,RE01031,,,
RDC02165,RE01032,,,
RDC02166,RE01032,,,
RDC02167,RE01032,,,
RDC02168,RE01033,,,
RDC02169,RE01033,,,
RDC02170,RE01034,,,
RDC02171,RE01035,,,
RDC02172,RE01036,,,
RDC02173,RE01037,,,
RDC02174,RE01038,,,
RDC02175,RE01039,,,
RDC02176,RE01040,,,
RDC02177,RE01041,,,
RDC02178,RE01041,,,
RDC02179,RE01042,,,
RDC02180,RE01042,,,
RDC02181,RE01043,,,
RDC02182,RE01044,,,
RDC02183,RE01045,,,
RDC02184,RE01045,,,
RDC02185,RE01046,,,
RDC02186,RE01047,,,
RDC02007,RE01049,,,
RDC02188,RE01050,,,
RDC02004,RE01051,,,
RDC02133,RE01051,,,
RDC02191,RE01052,,,
RDC02165,RE01053,,,
RDC02193,RE01054,,,
RDC02194,RE01055,,,
RDC02197,RE01057,,,
RDC02198,RE01058,,,
RDC02199,RE01059,,,
RDC02248,RE01060,,,
RDC02203,RE01061,,,
RDC02204,RE01061,,,
RDC02205,RE01061,,,
RDC02206,RE01061,,,
RDC02207,RE01062,,,
RDC02208,RE01063,,,
RDC02209,RE01063,,,
RDC02210,RE01064,,,
RDC02211,RE01065,,,
RDC02210,RE01066,,,
RDC02187,RE01067,,,
RDC02092,RE01068,,,
RDC02004,RE01069,,,
RDC02094,RE01069,,,
RDC02095,RE01069,,,
RDC02096,RE01069,,,
RDC02097,RE01070,,,
RDC02098,RE01071,,,
RDC02099,RE01071,,,
RDC02100,RE01071,,,
RDC02101,RE01071,,,
RDC02102,RE01071,,,
RDC02103,RE01071,,,
RDC02104,RE01072,,,
RDC02105,RE01073,,,
RDC02069,RE01074,,,
RDC02107,RE01074,,,
RDC02108,RE01075,,,
RDC02109,RE01075,,,
RDC02110,RE01075,,,
RDC02069,RE01076,,,
RDC02112,RE01076,,,
RDC02107,RE01076,,,
RDC02114,RE01077,,,
RDC02115,RE01078,,,
RDC02116,RE01078,,,
RDC02117,RE01079,,,
RDC02118,RE01079,,,
RDC02119,RE01080,,,
RDC02120,RE01080,,,
RDC02121,RE01080,,,
RDC02122,RE01080,,,
RDC02123,RE01080,,,
RDC02124,RE01080,,,
RDC02127,RE01081,,,
RDC02006,RE01082,,,
RDC02104,RE01083,,,
RDC02132,RE01083,,,
RDC02133,RE01084,,,
RDC02134,RE01085,,,
RDC02135,RE01086,,,
RDC02136,RE01086,,,
RDC02141,RE01087,,,
RDC02145,RE01088,,,
RDC02146,RE01088,,,
RDC02148,RE01089,,,
RDC02149,RE01089,,,
RDC02150,RE01089,,,
RDC02151,RE01090,,,
RDC02152,RE01090,,,
RDC02153,RE01090,,,
RDC02154,RE01090,,,
RDC02167,RE01091,,,
RDC02156,RE01091,,,
RDC02157,RE01092,,,
RDC02158,RE01092,,,
RDC02151,RE01093,,,
RDC02095,RE01093,,,
RDC02015,RE01094,,,
RDC02162,RE01094,,,
RDC02066,RE01095,,,
RDC02163,RE01096,,,
RDC02219,RE01097,,,
RDC02220,RE01097,,,
RDC02221,RE01097,,,
RDC02222,RE01098,,,
RDC02223,RE01099,,,
RDC02224,RE01099,,,
RDC02225,RE01099,,,
RDC02226,RE01099,,,
RDC02227,RE01099,,,
RDC02230,RE01100,,,
RDC02232,RE01101,,,
RDC02233,RE01101,,,
RDC02234,RE01102,,,
RDC02086,RE01102,,,
RDC02236,RE01103,,,
RDC02237,RE01103,,,
RDC02238,RE01104,,,
RDC02239,RE01105,,,
RDC02240,RE01105,,,
RDC02241,RE01105,,,
RDC02242,RE01106,,,
RDC02243,RE01106,,,
RDC02244,RE01107,,,
RDC02245,RE01108,,,
RDC02246,RE01109,,,
RDC02251,RE01110,,,
RDC02286,RE01111,,,
RDC02287,RE01111,,,
RDC02252,RE01112,,,
RDC02292,RE01112,,,
RDC02253,RE01113,,,
RDC02254,RE01114,,,
RDC02255,RE01115,,,
RDC02256,RE01115,,,
RDC02257,RE01116,,,
RDC02258,RE01117,,,
RDC02259,RE01118,,,
RDC02260,RE01118,,,
RDC02261,RE01119,,,
RDC02262,RE01120,,,
RDC02288,RE01121,,,
RDC02265,RE01122,,,
RDC02266,RE01123,,,
RDC02267,RE01124,,,
RDC02268,RE01125,,,
RDC02278,RE01126,,,
RDC02262,RE01127,,,
RDC02280,RE01128,,,
RDC02288,RE01129,,,
RDC02282,RE01130,,,
RDC02283,RE01130,,,
RDC02357,RE01131,,,
RDC02421,RE01132,,,
RDC02422,RE01133,,,
RDC02423,RE01134,,,
RDC02425,RE01135,,,
RDC02426,RE01136,,,
RDC02427,RE01137,,,
RDC02428,RE01138,,,
RDC02504,RE01139,,,
RDC02429,RE01140,,,
RDC02430,RE01141,,,
RDC02431,RE01142,,,
RDC02432,RE01143,,,
RDC02505,RE01143,,,
RDC02436,RE01144,,,
RDC02439,RE01145,,,
RDCO2507,RE01146,,,
RDC02440,RE01146,,,
RDC02441,RE01147,,,
RDC02442,RE01148,,,
RDC02443,RE01148,,,
RDC02444,RE01149,,,
RDC02445,RE01150,,,
RDC02446,RE01589,,,
RDC02449,RE01151,,,
RDC02450,RE01152,,,
RDC02451,RE01153,,,
RDC02508,RE01153,,,
RDC02452,RE01154,,,
RDC02453,RE01155,,,
RDC02454,RE01156,,,
RDC02457,RE01157,,,
RDC02458,RE01158,,,
RDC02459,RE01158,,,
RDC02460,RE01158,,,
RDC02461,RE01158,,,
RDC02462,RE01159,,,
RDC02463,RE01159,,,
RDC02464,RE01160,,,
RDC02465,RE01161,,,
RDC02466,RE01161,,,
RDC02467,RE01162,,,
RDC02468,RE01163,,,
RDC02469,RE01163,,,
RDC02470,RE01164,,,
RDC02471,RE01164,,,
RDC02472,RE01165,,,
RDC02473,RE01166,,,
RDC02474,RE01166,,,
RDC02475,RE01167,,,
RDC02476,RE01167,,,
RDC02477,RE01168,,,
RDC02479,RE01169,,,
RDC02481,RE01169,,,
RDC02476,RE01170,,,
RDC02483,RE01170,,,
RDC02484,RE01170,,,
RDC02485,RE01170,,,
RDC02492,RE01171,,,
RDC02493,RE01172,,,
RDC02494,RE01173,,,
RDC02499,RE01174,,,
RDC02501,RE01175,,,
RDC02352,RE01176,,,
RDC02353,RE01177,,,
RDC02354,RE01178,,,
RDC02355,RE01179,,,
RDC02356,RE01180,,,
RDC02357,RE01181,,,
RDC02358,RE01182,,,
RDC02359,RE01183,,,
RDC02361,RE01184,,,
RDC02362,RE01185,,,
RDC02363,RE01186,,,
RDC02365,RE01187,,,
RDC02366,RE01188,,,
RDC02371,RE01189,,,
RDC02372,RE01190,,,
RDC02376,RE01191,,,
RDC02377,RE01192,,,
RDC02378,RE01192,,,
RDC02379,RE01193,,,
RDC02380,RE01193,,,
RDC02381,RE01194,,,
RDC02382,RE01195,,,
RDC02383,RE01196,,,
RDC02384,RE01197,,,
RDC02385,RE01198,,,
RDC02386,RE01198,,,
RDC02387,RE01199,,,
RDC02388,RE01199,,,
RDC02389,RE01199,,,
RDC02390,RE01200,,,
RDC02391,RE01200,,,
RDC02393,RE01201,,,
RDC02394,RE01201,,,
RDC02395,RE01202,,,
RDC02396,RE01202,,,
RDC02397,RE01203,,,
RDC02399,RE01203,,,
RDC02402,RE01204,,,
RDC02363,RE01205,,,
RDC02404,RE01206,,,
RDC02402,RE01206,,,
RDC02406,RE01207,,,
RDC02410,RE01208,,,
RDC02411,RE01209,,,
RDC02412,RE01209,,,
RDC02413,RE01209,,,
RDC02414,RE01209,,,
RDC02302,RE01210,,,
RDC02303,RE01211,,,
RDC02304,RE01211,,,
RDC02305,RE01212,,,
RDC02306,RE01213,,,
RDC02314,RE01213,,,
RDC02308,RE01214,,,
RDC02309,RE01215,,,
RDC02310,RE01216,,,
RDC02312,RE01217,,,
RDC02305,RE01218,,,
RDC02314,RE01219,,,
RDC02315,RE01220,,,
RDC02316,RE01221,,,
RDC02317,RE01222,,,
RDC02319,RE01222,,,
RDC02357,RE01223,,,
RDC02321,RE01224,,,
RDC02322,RE01224,,,
RDC02325,RE01225,,,
RDC02309,RE01226,,,
RDC02329,RE01227,,,
RDC02330,RE01228,,,
RDC02331,RE01229,,,
RDC02332,RE01229,,,
RDC02333,RE01230,,,
RDC02334,RE01230,,,
RDC02321,RE01231,,,
RDC02322,RE01231,,,
RDC02336,RE01232,,,
RDC02340,RE01233,,,
RDC02341,RE01233,,,
RDC02342,RE01233,,,
RDC02340,RE01234,,,
RDC02345,RE01235,,,
RDC02346,RE01236,,,
RDC02515,RE01237,,,
RDC02516,RE01237,,,
RDC02520,RE01238,,,
RDC02521,RE01239,,,
RDC02521,RE01240,,,
RDC02519,RE01241,,,
RDC02524,RE01241,,,
RDC02525,RE01242,,,
RDC02526,RE01243,,,
RDC02527,RE01243,,,
RDC02528,RE01243,,,
RDC02529,RE01243,,,
RDC02515,RE01244,,,
RDC02531,RE01245,,,
RDC02532,RE01246,,,
RDC02533,RE01246,,,
RDC02534,RE01246,,,
RDC02535,RE01246,,,
RDC02536,RE01246,,,
RDC02537,RE01246,,,
RDC02538,RE01246,,,
RDC02539,RE01247,,,
RDC02540,RE01248,,,
RDC02541,RE01249,,,
RDC02542,RE01250,,,
RDC02543,RE01250,,,
RDC02544,RE01250,,,
RDC02353,RE01250,,,
RDC02546,RE01251,,,
RDC02547,RE01251,,,
RDC02548,RE01252,,,
RDC02549,RE01252,,,
RDC02516,RE01254,,,
RDC02215,RE01254,,,
RDC02552,RE01255,,,
RDC02515,RE01256,,,
RDC02515,RE01257,,,
RDC02552,RE01259,,,
RDC02556,RE01260,,,
RDC02557,RE01261,,,
RDC02558,RE01262,,,
RDC02560,RE01264,,,
RDC02561,RE01265,,,
RDC02562,RE01266,,,
RDC02563,RE01267,,,
RDC02533,RE01268,,,
RDC02534,RE01268,,,
RDC02532,RE01268,,,
RDC02565,RE01269,,,
RDC02566,RE01269,,,
RDC02567,RE01269,,,
RDC02568,RE01270,,,
RDC02569,RE01271,,,
RDC02570,RE01272,,,
RDC02465,RE01273,,,
RDC02572,RE01274,,,
RDC02569,RE01275,,,
RDC02570,RE01275,,,
RDC02573,RE01276,,,
RDC02574,RE01276,,,
RDC02575,RE01276,,,
RDC02569,RE01277,,,
RDC02577,RE01278,,,
RDC02578,RE01279,,,
RDC02579,RE01279,,,
RDC02580,RE01279,,,
RDC02569,RE01280,,,
RDC02581,RE01281,,,
RDC02582,RE01281,,,
RDC02584,RE01282,,,
RDC02585,RE01282,,,
RDC02586,RE01283,,,
RDC02587,RE01284,,,
RDC02588,RE01285,,,
RDC02589,RE01285,,,
RDC02588,RE01286,,,
RDC02590,RE01287,,,
RDC02590,RE01288,,,
RDC02592,RE01289,,,
RDC02593,RE01289,,,
RDC02593,RE01290,,,
RDC02594,RE01290,,,
RDC02595,RE01291,,,
RDC02596,RE01291,,,
RDC02597,RE01292,,,
RDC02598,RE01292,,,
RDC02599,RE01292,,,
RDC02590,RE01293,,,
RDC02600,RE01293,,,
RDC02601,RE01294,,,
RDC02602,RE01294,,,
RDC02357,RE01295,,,
RDC02611,RE01296,,,
RDC02431,RE01297,,,
RDC02610,RE01299,,,
RDC02617,RE01300,,,
RDC02618,RE01301,,,
RDC02619,RE01302,,,
RDC02620,RE01303,,,
RDC02621,RE01304,,,
RDC02622,RE01305,,,
RDC02624,RE01306,,,
RDC02625,RE01307,,,
RDC02626,RE01308,,,
RDC02627,RE01309,,,
RDC02610,RE01310,,,
RDC02628,RE01311,,,
RDC02610,RE01312,,,
RDC02632,RE01313,,,
RDC02631,RE01313,,,
RDC02634,RE01313,,,
RDC02631,RE01314,,,
RDC02632,RE01314,,,
RDC02635,RE01315,,,
RDC02636,RE01316,,,
RDC02637,RE01317,,,
RDC02638,RE01318,,,
RDC02639,RE01318,,,
RDC02640,RE01319,,,
RDC02641,RE01319,,,
RDC02642,RE01319,,,
RDC02643,RE01319,,,
RDC02644,RE01320,,,
RDC02646,RE01321,,,
RDC02647,RE01321,,,
RDC02648,RE01322,,,
RDC02649,RE01322,,,
RDC02645,RE01323,,,
RDC02651,RE01324,,,
RDC02652,RE01324,,,
RDC02653,RE01324,,,
RDC02654,RE01324,,,
RDC02655,RE01324,,,
RDC02656,RE01324,,,
RDC02657,RE01325,,,
RDC02645,RE01326,,,
RDC02645,RE01327,,,
RDC02644,RE01327,,,
RDC02659,RE01328,,,
RDC02660,RE01329,,,
RDC02661,RE01330,,,
RDC02645,RE01331,,,
RDC02662,RE01332,,,
RDC02663,RE01332,,,
RDC02668,RE01333,,,
RDC02669,RE01333,,,
RDC02670,RE01333,,,
RDC02671,RE01334,,,
RDC02672,RE01334,,,
RDC02673,RE01335,,,
RDC02674,RE01335,,,
RDC02675,RE01335,,,
RDC02676,RE01335,,,
RDC02673,RE01335,,,
RDC02678,RE01336,,,
RDC02679,RE01336,,,
RDC02680,RE01337,,,
RDC02681,RE01338,,,
RDC02637,RE01339,,,
RDC02682,RE01340,,,
RDC02644,RE01341,,,
RDC02644,RE01342,,,
RDC02641,RE01343,,,
RDC02685,RE01344,,,
RDC02672,RE01345,,,
RDC02687,RE01346,,,
RDC02688,RE01347,,,
RDC02689,RE01348,,,
RDC02690,RE01349,,,
RDC02690,RE01350,,,
RDC02637,RE01351,,,
RDC02693,RE01352,,,
RDC02694,RE01352,,,
RDC02695,RE01353,,,
RDC02696,RE01354,,,
RDC02697,RE01355,,,
RDC02698,RE01356,,,
RDC02700,RE01357,,,
RDC02701,RE01358,,,
RDC02700,RE01359,,,
RDC02685,RE01360,,,
RDC02710,RE01361,,,
RDC02682,RE01362,,,
RDC02630,RE01363,,,
RDC02711,RE01364,,,
RDC02712,RE01365,,,
RDC02713,RE01365,,,
RDC02714,RE01365,,,
RDC02715,RE01365,,,
RDC01375,RE01486,,,
RDC01375,RE01487,,,
RDC00707,RE01488,,,
RDC02853,RE01489,,,
RDC00667,RE01490,,,
RDC00673,RE01491,,,
RDC00707,RE01492,,,
RDC02853,RE01493,,,
RDC01375,RE01495,,,
RDC01568,RE01496,,,
RDC01568,RE01497,,,
RDC02735,RE01498,,,
RDC02860,RE01499,,,
RDC02859,RE01500,,,
RDC02857,RE01501,,,
RDC02856,RE01501,,,
RDC02854,RE01502,,,
RDC02853,RE01503,,,
RDC02849,RE01504,,,
RDC02839,RE01505,,,
RDC02840,RE01506,,,
RDC02841,RE01507,,,
RDC02842,RE01507,,,
RDC02828,RE01508,,,
RDC02725,RE01509,,,
RDC02729,RE01510,,,
RDC02732,RE01511,,,
RDC02734,RE01512,,,
RDC02736,RE01514,,,
RDC02747,RE01515,,,
RDC02752,RE01516,,,
RDC02761,RE01517,,,
RDC02763,RE01518,,,
RDC02770,RE01519,,,
RDC02780,RE01520,,,
RDC02785,RE01521,,,
RDC02786,RE01521,,,
RDC02787,RE01522,,,
RDC02789,RE01523,,,
RDC02790,RE01524,,,
RDC02792,RE01525,,,
RDC02729,RE01526,,,
RDC02702,RE01513,,,
RDC02703,RE01514,,,
RDC00653,RE01527,,,
RDC00712,RE01528,,,
RDC01237,RE00137,,,
RDC01237,RE00138,,,
RDC01237,RE00139,,,
RDC01237,RE00150,,,
RDC01237,RE00159,,,
RDC01237,RE00166,,,
RDC01237,RE00168,,,
RDC01237,RE00169,,,
RDC01237,RE00170,,,
RDC01237,RE00177,,,
RDC01237,RE00186,,,
RDC01237,RE00187,,,
RDC01237,RE00188,,,
RDC01237,RE00189,,,
RDC01237,RE00190,,,
RDC01237,RE00191,,,
RDC01237,RE00196,,,
RDC01237,RE00198,,,
RDC01237,RE00201,,,
RDC01237,RE00202,,,
RDC01237,RE00217,,,
RDC01237,RE00220,,,
RDC01237,RE00266,,,
RDC01237,RE00571,,,
RDC01237,RE01366,,,
RDC01237,RE01381,,,
RDC01237,RE01391,,,
RDC01237,RE01392,,,
RDC01237,RE01393,,,
RDC01237,RE01395,,,
RDC01237,RE01398,,,
RDC01237,RE01399,,,
RDC01237,RE01410,,,
RDC01237,RE01416,,,
RDC01237,RE01420,,,
RDC01237,RE01426,,,
RDC01237,RE01428,,,
RDC01237,RE01430,,,
RDC01237,RE01434,,,
RDC01237,RE01436,,,
RDC01258,RE01437,,,
RDC00003,RE01441,,,
RDC00004,RE01442,,,
RDC00005,RE01445,,,
RDC00005,RE01464,,,
RDC00005,RE01476,,,
RDC00005,RE01529,,,
RDC00005,RE01530,,,
RDC00005,RE01531,,,
RDC00005,RE01532,,,
RDC00005,RE01533,,,
RDC00005,RE01534,,,
RDC00009,RE01535,,,
RDC02725,RE01536,,,
RDC02725,RE01537,,,
RDC02734,RE01538,,,
RDC02734,RE01539,,,
RDC02734,RE01540,,,
RDC01375,RE01541,,,
RDC01375,RE01542,,,
RDC01375,RE01543,,,
RDC01375,RE01544,,,
RDC00019,RE01545,,,
RDC00019,RE01546,,,
RDC01478,RE01547,,,
RDC00023,RE01548,,,
RDC00023,RE01549,,,
RDC01258,RE01550,,,
RDC01258,RE01551,,,
RDC01258,RE01552,,,
RDC01258,RE01553,,,
RDC01258,RE01554,,,
RDC01258,RE01555,,,
RDC01258,RE01556,,,
RDC01258,RE01557,,,
RDC01258,RE01558,,,
RDC01258,RE01559,,,
RDC01258,RE01560,,,
RDC01258,RE01561,,,
RDC01258,RE01562,,,
RDC01258,RE01563,,,
RDC01258,RE01564,,,
RDC01258,RE01565,,,
RDC01258,RE01566,,,
RDC01258,RE01567,,,
RDC01258,RE01568,,,
RDC01258,RE01569,,,
RDC01258,RE01570,,,
RDC01258,RE01571,,,
RDC01258,RE01572,,,
RDC01258,RE01573,,,
RDC01258,RE01574,,,
RDC01258,RE01575,,,
RDC01258,RE01576,,,
RDC01258,RE01577,,,
RDC00007,RE01578,,,
RDC00007,RE01579,,,
RDC00009,RE01580,,,
RDC00009,RE01581,,,
RDC00010,RE01582,,,
RDC00010,RE01583,,,
RDC00010,RE01584,,,
RDC00010,RE01585,,,
RDC00011,RE01586,,,
RDC02074,RE01587,,,
RDC02074,RE01588,,,
,,,,
RDC01237,RE00137,,,
RDC01237,RE00138,,,
RDC01237,RE00139,,,
RDC01237,RE00150,,,
RDC01237,RE00159,,,
RDC01237,RE00166,,,
RDC01237,RE00168,,,
RDC01237,RE00169,,,
RDC01237,RE00170,,,
RDC01237,RE00177,,,
RDC01237,RE00186,,,
RDC01237,RE00187,,,
RDC01237,RE00188,,,
RDC01237,RE00189,,,
RDC01237,RE00190,,,
RDC01237,RE00191,,,
RDC01237,RE00196,,,
RDC01237,RE00198,,,
RDC01237,RE00201,,,
RDC01237,RE00202,,,
RDC01237,RE00217,,,
RDC01237,RE00220,,,
RDC01237,RE00266,,,
RDC01237,RE00571,,,
RDC01237,RE01366,,,
RDC01237,RE01381,,,
RDC01237,RE01391,,,
RDC01237,RE01392,,,
RDC01237,RE01393,,,
RDC01237,RE01395,,,
RDC01237,RE01398,,,
RDC01237,RE01399,,,
RDC01237,RE01410,,,
RDC01237,RE01416,,,
RDC01237,RE01420,,,
RDC01237,RE01426,,,
RDC01237,RE01428,,,
RDC01237,RE01430,,,
RDC01237,RE01434,,,
RDC01237,RE01436,,,
RDC01258,RE01437,,,
RDC00003,RE01441,,,
RDC00004,RE01442,,,
RDC00005,RE01445,,,
RDC00005,RE01464,,,
RDC00005,RE01476,,,
RDC00005,RE01529,,,
RDC00005,RE01530,,,
RDC00005,RE01531,,,
RDC00005,RE01532,,,
RDC00005,RE01533,,,
RDC00005,RE01534,,,
RDC00009,RE01535,,,
RDC02725,RE01536,,,
RDC02725,RE01537,,,
RDC02734,RE01538,,,
RDC02734,RE01539,,,
RDC02734,RE01540,,,
RDC01375,RE01541,,,
RDC01375,RE01542,,,
RDC01375,RE01543,,,
RDC01375,RE01544,,,
RDC00019,RE01545,,,
RDC00019,RE01546,,,
RDC01478,RE01547,,,
RDC00023,RE01548,,,
RDC00023,RE01549,,,
RDC01258,RE01550,,,
RDC01258,RE01551,,,
RDC01258,RE01552,,,
RDC01258,RE01553,,,
RDC01258,RE01554,,,
RDC01258,RE01555,,,
RDC01258,RE01556,,,
RDC01258,RE01557,,,
RDC01258,RE01558,,,
RDC01258,RE01559,,,
RDC01258,RE01560,,,
RDC01258,RE01561,,,
RDC01258,RE01562,,,
RDC01258,RE01563,,,
RDC01258,RE01564,,,
RDC01258,RE01565,,,
RDC01258,RE01566,,,
RDC01258,RE01567,,,
RDC01258,RE01568,,,
RDC01258,RE01569,,,
RDC01258,RE01570,,,
RDC01258,RE01571,,,
RDC01258,RE01572,,,
RDC01258,RE01573,,,
RDC01258,RE01574,,,
RDC01258,RE01575,,,
RDC01258,RE01576,,,
RDC01258,RE01577,,,
RDC00007,RE01578,,,
RDC00007,RE01579,,,
RDC00009,RE01580,,,
RDC00009,RE01581,,,
RDC00010,RE01582,,,
RDC00010,RE01583,,,
RDC00010,RE01584,,,
RDC00010,RE01585,,,
RDC00011,RE01586,,,
RDC02074,RE01587,,,
RDC02074,RE01588,,,
RDC00010,RE01589,,,
RDC00010,RE01590,,,
RDC00014,RE01591,,,
RDC00712,RE01528,,,
RDC00470,RE00302,,,
RDC00471,RE00302,,,
RDC00472,RE00302,,,
RDC00473,RE00302,,,
RDC00474,RE00302,,,
RDC00475,RE00302,,,
RDC00476,RE00302,,,
RDC01386,RE01595,,,
RDC02091,RE01596,,,
RDC02262,RE01597,,,
RDC02262,RE01598,,,
RDC00618,RE01599,,,
